unique_id_x,retweets,favorites,handle_x,fecha,adjpoll_clinton,adjpoll_trump,index_weighted
HillaryClinton_2016417,10343,18407,HillaryClinton,2016-04-17,49.39018333333333,36.71456,7.1084286517299374e-09
realDonaldTrump_2016417,37798,111713,realDonaldTrump,2016-04-17,49.39018333333333,36.71456,7.1084286517299374e-09
HillaryClinton_2016418,15774,32522,HillaryClinton,2016-04-18,41.70733166666667,41.84916333333333,0.0
realDonaldTrump_2016418,30166,81057,realDonaldTrump,2016-04-18,41.70733166666667,41.84916333333333,0.0
HillaryClinton_2016419,19237,41969,HillaryClinton,2016-04-19,42.94991388888889,43.854084444444446,1.1965085976112345e-06
realDonaldTrump_2016419,71062,196358,realDonaldTrump,2016-04-19,42.94991388888889,43.854084444444446,1.1965085976112345e-06
HillaryClinton_2016420,38537,95533,HillaryClinton,2016-04-20,45.14144166666667,40.746181666666665,8.987424291207963e-07
realDonaldTrump_2016420,30635,91925,realDonaldTrump,2016-04-20,45.14144166666667,40.746181666666665,8.987424291207963e-07
HillaryClinton_2016421,11666,26331,HillaryClinton,2016-04-21,41.58990666666667,45.99780333333334,3.079167635970848e-08
realDonaldTrump_2016421,24147,71647,realDonaldTrump,2016-04-21,41.58990666666667,45.99780333333334,3.079167635970848e-08
HillaryClinton_2016422,15971,33700,HillaryClinton,2016-04-22,28.92898333333333,49.27119666666667,1.4866739636166245e-07
realDonaldTrump_2016422,23852,74276,realDonaldTrump,2016-04-22,28.92898333333333,49.27119666666667,1.4866739636166245e-07
HillaryClinton_2016423,14289,28235,HillaryClinton,2016-04-23,46.98506666666666,40.28533,7.418011143028052e-08
realDonaldTrump_2016423,35666,109305,realDonaldTrump,2016-04-23,46.98506666666666,40.28533,7.418011143028052e-08
HillaryClinton_2016424,10336,18828,HillaryClinton,2016-04-24,40.608183333333336,45.19225,5.432905117262294e-07
realDonaldTrump_2016424,31432,89199,realDonaldTrump,2016-04-24,40.608183333333336,45.19225,5.432905117262294e-07
HillaryClinton_2016425,11281,24126,HillaryClinton,2016-04-25,45.40981166666666,42.634728333333335,2.2164046926502213e-07
realDonaldTrump_2016425,38826,106718,realDonaldTrump,2016-04-25,45.40981166666666,42.634728333333335,2.2164046926502213e-07
HillaryClinton_2016426,18033,38488,HillaryClinton,2016-04-26,26.044346666666662,32.87573,0.0
realDonaldTrump_2016426,69899,205226,realDonaldTrump,2016-04-26,26.044346666666662,32.87573,0.0
HillaryClinton_2016427,60256,132434,HillaryClinton,2016-04-27,46.832953333333336,43.18882,3.069371802531419e-09
realDonaldTrump_2016427,40899,128689,realDonaldTrump,2016-04-27,46.832953333333336,43.18882,3.069371802531419e-09
HillaryClinton_2016428,14369,27149,HillaryClinton,2016-04-28,43.88612666666667,36.81850777777778,2.293190808253756e-07
realDonaldTrump_2016428,48120,151069,realDonaldTrump,2016-04-28,43.88612666666667,36.81850777777778,2.293190808253756e-07
HillaryClinton_2016429,14268,28694,HillaryClinton,2016-04-29,41.48158333333333,29.224453333333333,2.0932562417615356e-10
realDonaldTrump_2016429,32280,92200,realDonaldTrump,2016-04-29,41.48158333333333,29.224453333333333,2.0932562417615356e-10
HillaryClinton_2016430,9279,18237,HillaryClinton,2016-04-30,40.57606333333333,30.749686666666666,4.364100479388123e-10
realDonaldTrump_2016430,30792,88316,realDonaldTrump,2016-04-30,40.57606333333333,30.749686666666666,4.364100479388123e-10
HillaryClinton_201651,12574,30859,HillaryClinton,2016-05-01,47.669086666666665,43.957363333333326,4.7152331463958995e-08
realDonaldTrump_201651,28492,90692,realDonaldTrump,2016-05-01,47.669086666666665,43.957363333333326,4.7152331463958995e-08
HillaryClinton_2016510,15955,32301,HillaryClinton,2016-05-10,45.18243777777778,38.05966222222222,6.013945936957971e-07
realDonaldTrump_2016510,63392,184988,realDonaldTrump,2016-05-10,45.18243777777778,38.05966222222222,6.013945936957971e-07
HillaryClinton_2016511,19125,42726,HillaryClinton,2016-05-11,44.618226666666665,37.7839,1.130501220399772e-07
realDonaldTrump_2016511,59847,184867,realDonaldTrump,2016-05-11,44.618226666666665,37.7839,1.130501220399772e-07
HillaryClinton_2016512,20446,37282,HillaryClinton,2016-05-12,41.15836333333333,30.726703333333333,1.3019134992020784e-09
realDonaldTrump_2016512,15748,57782,realDonaldTrump,2016-05-12,41.15836333333333,30.726703333333333,1.3019134992020784e-09
HillaryClinton_2016513,13710,27381,HillaryClinton,2016-05-13,37.69629333333333,33.806826666666666,3.5358903764516205e-09
realDonaldTrump_2016513,21529,55772,realDonaldTrump,2016-05-13,37.69629333333333,33.806826666666666,3.5358903764516205e-09
HillaryClinton_2016514,7488,13151,HillaryClinton,2016-05-14,40.44739666666666,32.97691666666666,1.2477551847554641e-09
realDonaldTrump_2016514,20810,57844,realDonaldTrump,2016-05-14,40.44739666666666,32.97691666666666,1.2477551847554641e-09
HillaryClinton_2016515,5209,12979,HillaryClinton,2016-05-15,40.041673333333335,34.703223333333334,1.3038559519308315e-09
realDonaldTrump_2016515,61684,182825,realDonaldTrump,2016-05-15,40.041673333333335,34.703223333333334,1.3038559519308315e-09
HillaryClinton_2016516,16705,30233,HillaryClinton,2016-05-16,40.03592,35.02928333333333,1.4314757502344143e-09
realDonaldTrump_2016516,63982,183194,realDonaldTrump,2016-05-16,40.03592,35.02928333333333,1.4314757502344143e-09
HillaryClinton_2016517,18548,36165,HillaryClinton,2016-05-17,40.32938,34.45666,1.599783138617645e-09
realDonaldTrump_2016517,133671,444477,realDonaldTrump,2016-05-17,40.32938,34.45666,1.599783138617645e-09
HillaryClinton_2016518,17839,42532,HillaryClinton,2016-05-18,41.124343333333336,32.88200333333333,2.1492225705699674e-09
realDonaldTrump_2016518,29109,90287,realDonaldTrump,2016-05-18,41.124343333333336,32.88200333333333,2.1492225705699674e-09
HillaryClinton_2016519,22657,49349,HillaryClinton,2016-05-19,40.71932,33.70747333333333,2.504011234464522e-09
realDonaldTrump_2016519,18735,55307,realDonaldTrump,2016-05-19,40.71932,33.70747333333333,2.504011234464522e-09
HillaryClinton_201652,18951,41938,HillaryClinton,2016-05-02,47.29393166666667,40.28409,1.7691057183447106e-06
realDonaldTrump_201652,54666,160972,realDonaldTrump,2016-05-02,47.29393166666667,40.28409,1.7691057183447106e-06
HillaryClinton_2016520,29224,59049,HillaryClinton,2016-05-20,40.51376,33.834763333333335,2.6735300215379253e-09
realDonaldTrump_2016520,71477,208172,realDonaldTrump,2016-05-20,40.51376,33.834763333333335,2.6735300215379253e-09
HillaryClinton_2016521,14600,27870,HillaryClinton,2016-05-21,41.10875333333333,33.86156666666667,2.4105300610361262e-09
realDonaldTrump_2016521,91031,196222,realDonaldTrump,2016-05-21,41.10875333333333,33.86156666666667,2.4105300610361262e-09
HillaryClinton_2016522,12435,31365,HillaryClinton,2016-05-22,47.16302,40.30889,3.8347468661498833e-08
realDonaldTrump_2016522,56502,154899,realDonaldTrump,2016-05-22,47.16302,40.30889,3.8347468661498833e-08
HillaryClinton_2016523,15326,34639,HillaryClinton,2016-05-23,45.690866666666665,42.629176666666666,1.061699751855083e-07
realDonaldTrump_2016523,37538,115117,realDonaldTrump,2016-05-23,45.690866666666665,42.629176666666666,1.061699751855083e-07
HillaryClinton_2016524,23406,43729,HillaryClinton,2016-05-24,41.06328333333334,46.38348333333334,5.567871063951573e-10
realDonaldTrump_2016524,37967,104226,realDonaldTrump,2016-05-24,41.06328333333334,46.38348333333334,5.567871063951573e-10
HillaryClinton_2016525,22806,45392,HillaryClinton,2016-05-25,49.26058333333333,46.796776666666666,9.888049075474022e-09
realDonaldTrump_2016525,50736,163823,realDonaldTrump,2016-05-25,49.26058333333333,46.796776666666666,9.888049075474022e-09
HillaryClinton_2016526,21110,41227,HillaryClinton,2016-05-26,44.511536666666665,42.16751,5.079789666015683e-07
realDonaldTrump_2016526,40807,130267,realDonaldTrump,2016-05-26,44.511536666666665,42.16751,5.079789666015683e-07
HillaryClinton_2016527,14512,25433,HillaryClinton,2016-05-27,43.18304153846154,42.56979307692308,1.0602640537554564
realDonaldTrump_2016527,28433,89157,realDonaldTrump,2016-05-27,43.18304153846154,42.56979307692308,1.0602640537554564
HillaryClinton_2016528,9208,18457,HillaryClinton,2016-05-28,42.00133066666667,41.981718,1.2729870577048876
realDonaldTrump_2016528,45364,137448,realDonaldTrump,2016-05-28,42.00133066666667,41.981718,1.2729870577048876
HillaryClinton_2016529,6436,18020,HillaryClinton,2016-05-29,42.660592666666666,43.38562566666667,1.1706985162877337
realDonaldTrump_2016529,35674,110042,realDonaldTrump,2016-05-29,42.660592666666666,43.38562566666667,1.1706985162877337
HillaryClinton_201653,21121,46861,HillaryClinton,2016-05-03,42.480639601990056,42.53530333333333,1.6938886245283682
realDonaldTrump_201653,56109,171554,realDonaldTrump,2016-05-03,42.480639601990056,42.53530333333333,1.6938886245283682
HillaryClinton_2016530,10891,23527,HillaryClinton,2016-05-30,41.94061323076923,40.65890830769231,0.9043647524105324
realDonaldTrump_2016530,47174,161717,realDonaldTrump,2016-05-30,41.94061323076923,40.65890830769231,0.9043647524105324
HillaryClinton_2016531,13073,26428,HillaryClinton,2016-05-31,43.610562549019605,42.38706647058823,1.0878631200932505
realDonaldTrump_2016531,37346,126567,realDonaldTrump,2016-05-31,43.610562549019605,42.38706647058823,1.0878631200932505
HillaryClinton_201654,62075,121719,HillaryClinton,2016-05-04,43.63706070707071,41.5621705050505,1.2284416132818392
realDonaldTrump_201654,25034,79032,realDonaldTrump,2016-05-04,43.63706070707071,41.5621705050505,1.2284416132818392
HillaryClinton_201655,39537,64357,HillaryClinton,2016-05-05,44.21216428571429,42.62833166666667,0.9870458439317844
realDonaldTrump_201655,126764,236776,realDonaldTrump,2016-05-05,44.21216428571429,42.62833166666667,0.9870458439317844
HillaryClinton_201656,20112,31998,HillaryClinton,2016-05-06,43.55721122807017,41.80948736842105,1.478534700863202
realDonaldTrump_201656,91430,272364,realDonaldTrump,2016-05-06,43.55721122807017,41.80948736842105,1.478534700863202
HillaryClinton_201657,21401,39034,HillaryClinton,2016-05-07,41.95727347826087,42.064727777777776,1.3367778007664757
realDonaldTrump_201657,24556,73339,realDonaldTrump,2016-05-07,41.95727347826087,42.064727777777776,1.3367778007664757
HillaryClinton_201658,7788,27106,HillaryClinton,2016-05-08,43.86522388888889,42.42498388888889,0.0733506633752596
realDonaldTrump_201658,21763,74349,realDonaldTrump,2016-05-08,43.86522388888889,42.42498388888889,0.0733506633752596
HillaryClinton_201659,10518,19391,HillaryClinton,2016-05-09,42.14965989417989,43.69179634920635,1.0623411096471491
realDonaldTrump_201659,56639,171453,realDonaldTrump,2016-05-09,42.14965989417989,43.69179634920635,1.0623411096471491
HillaryClinton_201661,43588,67677,HillaryClinton,2016-06-01,40.34279303030303,45.33018575757576,0.8475412948980685
realDonaldTrump_201661,25844,79408,realDonaldTrump,2016-06-01,40.34279303030303,45.33018575757576,0.8475412948980685
HillaryClinton_2016610,79592,224508,HillaryClinton,2016-06-10,44.847711333333336,42.21428783333333,2.0916704224345133
realDonaldTrump_2016610,81179,199387,realDonaldTrump,2016-06-10,44.847711333333336,42.21428783333333,2.0916704224345133
HillaryClinton_2016611,29341,67050,HillaryClinton,2016-06-11,44.51110579710144,42.87103826086956,1.7608204598377235
realDonaldTrump_2016611,56825,177564,realDonaldTrump,2016-06-11,44.51110579710144,42.87103826086956,1.7608204598377235
HillaryClinton_2016612,45452,114736,HillaryClinton,2016-06-12,42.276658833333336,42.08151408333333,4.7354911860864295
realDonaldTrump_2016612,134292,363357,realDonaldTrump,2016-06-12,42.276658833333336,42.08151408333333,4.7354911860864295
HillaryClinton_2016613,65880,169117,HillaryClinton,2016-06-13,42.817695394736845,42.8477383245614,3.4499601955955383
realDonaldTrump_2016613,69732,198264,realDonaldTrump,2016-06-13,42.817695394736845,42.8477383245614,3.4499601955955383
HillaryClinton_2016614,69520,165783,HillaryClinton,2016-06-14,43.41401948717949,42.50522042490843,5.722921873694354
realDonaldTrump_2016614,73883,182484,realDonaldTrump,2016-06-14,43.41401948717949,42.50522042490843,5.722921873694354
HillaryClinton_2016615,43675,112765,HillaryClinton,2016-06-15,41.83099186274509,43.49215362745098,3.416092521627484
realDonaldTrump_2016615,40424,124907,realDonaldTrump,2016-06-15,41.83099186274509,43.49215362745098,3.416092521627484
HillaryClinton_2016616,37011,89967,HillaryClinton,2016-06-16,42.18451267676768,42.8507969949495,3.367716153242222
realDonaldTrump_2016616,20348,58283,realDonaldTrump,2016-06-16,42.18451267676768,42.8507969949495,3.367716153242222
HillaryClinton_2016617,61141,143067,HillaryClinton,2016-06-17,43.752296666666666,44.63506944444444,0.478208773181362
realDonaldTrump_2016617,45608,142400,realDonaldTrump,2016-06-17,43.752296666666666,44.63506944444444,0.478208773181362
HillaryClinton_2016618,20064,61844,HillaryClinton,2016-06-18,44.76201487179487,42.17916230769231,0.9852915224914882
realDonaldTrump_2016618,39138,122554,realDonaldTrump,2016-06-18,44.76201487179487,42.17916230769231,0.9852915224914882
HillaryClinton_2016619,22569,122173,HillaryClinton,2016-06-19,43.41454205426356,42.30500258527132,19.60358725920456
realDonaldTrump_2016619,13463,41968,realDonaldTrump,2016-06-19,43.41454205426356,42.30500258527132,19.60358725920456
HillaryClinton_201662,51014,97199,HillaryClinton,2016-06-02,41.57325469135802,41.696260070987655,30.385592750189904
realDonaldTrump_201662,79229,249634,realDonaldTrump,2016-06-02,41.57325469135802,41.696260070987655,30.385592750189904
HillaryClinton_2016620,19096,55184,HillaryClinton,2016-06-20,44.49629230769231,41.00572235897436,0.2586276904535617
realDonaldTrump_2016620,6399,24928,realDonaldTrump,2016-06-20,44.49629230769231,41.00572235897436,0.2586276904535617
HillaryClinton_2016621,156465,288295,HillaryClinton,2016-06-21,45.16873844444444,42.49260155555555,0.530644701480359
realDonaldTrump_2016621,112465,285877,realDonaldTrump,2016-06-21,45.16873844444444,42.49260155555555,0.530644701480359
HillaryClinton_2016622,74904,164760,HillaryClinton,2016-06-22,44.57136696969697,42.63155727272727,0.3219085403351432
realDonaldTrump_2016622,35293,91615,realDonaldTrump,2016-06-22,44.57136696969697,42.63155727272727,0.3219085403351432
HillaryClinton_2016623,55796,127541,HillaryClinton,2016-06-23,42.34511972677596,43.20478191256831,0.6729384458127187
realDonaldTrump_2016623,78054,217218,realDonaldTrump,2016-06-23,42.34511972677596,43.20478191256831,0.6729384458127187
HillaryClinton_2016624,38591,82476,HillaryClinton,2016-06-24,45.12935523809524,41.89201571428572,0.3102252790820207
realDonaldTrump_2016624,90527,250899,realDonaldTrump,2016-06-24,45.12935523809524,41.89201571428572,0.3102252790820207
HillaryClinton_2016625,14254,34744,HillaryClinton,2016-06-25,44.54029722222222,41.98508,0.0366034326137721
realDonaldTrump_2016625,45957,151513,realDonaldTrump,2016-06-25,44.54029722222222,41.98508,0.0366034326137721
HillaryClinton_2016626,37440,106880,HillaryClinton,2016-06-26,42.91898068627451,41.85680352941177,0.5215502916635967
realDonaldTrump_2016626,75838,218773,realDonaldTrump,2016-06-26,42.91898068627451,41.85680352941177,0.5215502916635967
HillaryClinton_2016627,53269,136045,HillaryClinton,2016-06-27,42.54113,43.22254833333333,3.243880400761889e-06
realDonaldTrump_2016627,17931,58272,realDonaldTrump,2016-06-27,42.54113,43.22254833333333,3.243880400761889e-06
HillaryClinton_2016628,29074,70238,HillaryClinton,2016-06-28,40.9615,34.134980000000006,2.4797767204161882e-09
realDonaldTrump_2016628,59956,178280,realDonaldTrump,2016-06-28,40.9615,34.134980000000006,2.4797767204161882e-09
HillaryClinton_2016629,24377,55158,HillaryClinton,2016-06-29,38.28806,49.79203666666667,2.8663011232177687e-06
realDonaldTrump_2016629,41097,128221,realDonaldTrump,2016-06-29,38.28806,49.79203666666667,2.8663011232177687e-06
HillaryClinton_201663,53188,99361,HillaryClinton,2016-06-03,45.71399666666667,39.103946666666666,2.2706011875930453e-07
realDonaldTrump_201663,62561,173001,realDonaldTrump,2016-06-03,45.71399666666667,39.103946666666666,2.2706011875930453e-07
HillaryClinton_2016630,25984,62314,HillaryClinton,2016-06-30,41.34534,35.704683333333335,3.1195761756023704e-09
realDonaldTrump_2016630,41196,115585,realDonaldTrump,2016-06-30,41.34534,35.704683333333335,3.1195761756023704e-09
HillaryClinton_201664,30210,63445,HillaryClinton,2016-06-04,41.539323333333336,36.42837,3.424280370915402e-09
realDonaldTrump_201664,37653,93554,realDonaldTrump,2016-06-04,41.539323333333336,36.42837,3.424280370915402e-09
HillaryClinton_201665,24368,53400,HillaryClinton,2016-06-05,42.53500666666667,35.051186666666666,3.5017248639030467e-09
realDonaldTrump_201665,21138,59666,realDonaldTrump,2016-06-05,42.53500666666667,35.051186666666666,3.5017248639030467e-09
HillaryClinton_201666,20988,47937,HillaryClinton,2016-06-06,43.44609,39.605873333333335,1.5525726716436598e-08
realDonaldTrump_201666,60871,169808,realDonaldTrump,2016-06-06,43.44609,39.605873333333335,1.5525726716436598e-08
HillaryClinton_201667,58413,113521,HillaryClinton,2016-06-07,43.78279333333333,40.87931222222223,6.572751457392669e-07
realDonaldTrump_201667,23835,78692,realDonaldTrump,2016-06-07,43.78279333333333,40.87931222222223,6.572751457392669e-07
HillaryClinton_201668,175047,454446,HillaryClinton,2016-06-08,40.43690333333333,40.90974833333333,3.6320334295453452e-09
realDonaldTrump_201668,55831,183585,realDonaldTrump,2016-06-08,40.43690333333333,40.90974833333333,3.6320334295453452e-09
HillaryClinton_201669,570487,864183,HillaryClinton,2016-06-09,35.90445333333333,39.98701333333333,6.213232634059519e-11
realDonaldTrump_201669,200769,433474,realDonaldTrump,2016-06-09,35.90445333333333,39.98701333333333,6.213232634059519e-11
HillaryClinton_201671,15071,34744,HillaryClinton,2016-07-01,41.23672333333334,41.56694666666667,2.2767599036525773e-06
realDonaldTrump_201671,52429,150114,realDonaldTrump,2016-07-01,41.23672333333334,41.56694666666667,2.2767599036525773e-06
HillaryClinton_2016710,13501,34171,HillaryClinton,2016-07-10,39.51153,39.47201333333334,3.914743508027681e-09
realDonaldTrump_2016710,41706,129847,realDonaldTrump,2016-07-10,39.51153,39.47201333333334,3.914743508027681e-09
HillaryClinton_2016711,19130,40599,HillaryClinton,2016-07-11,39.103586666666665,40.497456666666665,4.13929009876953e-09
realDonaldTrump_2016711,29347,86906,realDonaldTrump,2016-07-11,39.103586666666665,40.497456666666665,4.13929009876953e-09
HillaryClinton_2016712,85203,227607,HillaryClinton,2016-07-12,40.39622666666667,39.32158333333333,4.187010268827672e-09
realDonaldTrump_2016712,127002,316987,realDonaldTrump,2016-07-12,40.39622666666667,39.32158333333333,4.187010268827672e-09
HillaryClinton_2016713,39198,100335,HillaryClinton,2016-07-13,45.28850083333333,41.1487975,4.672351823745817e-07
realDonaldTrump_2016713,82331,252479,realDonaldTrump,2016-07-13,45.28850083333333,41.1487975,4.672351823745817e-07
HillaryClinton_2016714,42477,101943,HillaryClinton,2016-07-14,44.27950666666666,34.27171,4.8315960932237035e-09
realDonaldTrump_2016714,64256,186832,realDonaldTrump,2016-07-14,44.27950666666666,34.27171,4.8315960932237035e-09
HillaryClinton_2016715,49237,74205,HillaryClinton,2016-07-15,44.73853,37.52022777777778,1.3974673125669925e-07
realDonaldTrump_2016715,54138,155314,realDonaldTrump,2016-07-15,44.73853,37.52022777777778,1.3974673125669925e-07
HillaryClinton_2016716,60726,107073,HillaryClinton,2016-07-16,43.966853333333326,34.922356666666666,5.7660706415495075e-09
realDonaldTrump_2016716,59946,207633,realDonaldTrump,2016-07-16,43.966853333333326,34.922356666666666,5.7660706415495075e-09
HillaryClinton_2016717,10742,24685,HillaryClinton,2016-07-17,42.85993,35.847096666666665,6.172025094512075e-09
realDonaldTrump_2016717,99792,301630,realDonaldTrump,2016-07-17,42.85993,35.847096666666665,6.172025094512075e-09
HillaryClinton_2016718,58058,131507,HillaryClinton,2016-07-18,43.55186666666666,36.07129333333333,7.764317109315894e-09
realDonaldTrump_2016718,39150,152462,realDonaldTrump,2016-07-18,43.55186666666666,36.07129333333333,7.764317109315894e-09
HillaryClinton_2016719,79357,155351,HillaryClinton,2016-07-19,41.40015,34.71246,2.742575386714522e-10
realDonaldTrump_2016719,56672,184754,realDonaldTrump,2016-07-19,41.40015,34.71246,2.742575386714522e-10
HillaryClinton_201672,9814,27888,HillaryClinton,2016-07-02,44.24447666666666,35.394693333333336,8.732295152069848e-09
realDonaldTrump_201672,74548,196872,realDonaldTrump,2016-07-02,44.24447666666666,35.394693333333336,8.732295152069848e-09
HillaryClinton_2016720,108938,197137,HillaryClinton,2016-07-20,44.435366666666674,35.31899333333333,9.208664788164006e-09
realDonaldTrump_2016720,208440,632140,realDonaldTrump,2016-07-20,44.435366666666674,35.31899333333333,9.208664788164006e-09
HillaryClinton_2016721,94255,166944,HillaryClinton,2016-07-21,40.49585,34.23791,7.445872586208148e-10
realDonaldTrump_2016721,55719,209618,realDonaldTrump,2016-07-21,40.49585,34.23791,7.445872586208148e-10
HillaryClinton_2016722,234939,437610,HillaryClinton,2016-07-22,40.69155,34.66335333333333,1.6273470006557967e-09
realDonaldTrump_2016722,62049,204275,realDonaldTrump,2016-07-22,40.69155,34.66335333333333,1.6273470006557967e-09
HillaryClinton_2016723,156576,396863,HillaryClinton,2016-07-23,39.68725333333333,35.48881,2.5257789861530532e-09
realDonaldTrump_2016723,112152,329282,realDonaldTrump,2016-07-23,39.68725333333333,35.48881,2.5257789861530532e-09
HillaryClinton_2016724,26926,53985,HillaryClinton,2016-07-24,43.59626333333333,35.41275666666667,2.684927124931642e-09
realDonaldTrump_2016724,137270,435186,realDonaldTrump,2016-07-24,43.59626333333333,35.41275666666667,2.684927124931642e-09
HillaryClinton_2016725,65424,168149,HillaryClinton,2016-07-25,42.49967083333333,43.0379025,2.273699817544385e-07
realDonaldTrump_2016725,206669,646764,realDonaldTrump,2016-07-25,42.49967083333333,43.0379025,2.273699817544385e-07
HillaryClinton_2016726,232077,619006,HillaryClinton,2016-07-26,39.074243333333335,37.26427666666667,2.676715484140428e-09
realDonaldTrump_2016726,130309,440295,realDonaldTrump,2016-07-26,39.074243333333335,37.26427666666667,2.676715484140428e-09
HillaryClinton_2016727,132786,403467,HillaryClinton,2016-07-27,38.981405,32.510905,1.6136269374464908e-06
realDonaldTrump_2016727,201994,599101,realDonaldTrump,2016-07-27,38.981405,32.510905,1.6136269374464908e-06
HillaryClinton_2016728,241945,697361,HillaryClinton,2016-07-28,42.86702666666667,36.13791666666666,9.741418602044908e-09
realDonaldTrump_2016728,169778,459233,realDonaldTrump,2016-07-28,42.86702666666667,36.13791666666666,9.741418602044908e-09
HillaryClinton_2016729,437644,1324246,HillaryClinton,2016-07-29,41.35895,36.76307333333333,9.876598196733532e-09
realDonaldTrump_2016729,198841,592188,realDonaldTrump,2016-07-29,41.35895,36.76307333333333,9.876598196733532e-09
HillaryClinton_201673,17104,44797,HillaryClinton,2016-07-03,40.85236,37.58384333333333,1.0365997454012332e-08
realDonaldTrump_201673,52303,153120,realDonaldTrump,2016-07-03,40.85236,37.58384333333333,1.0365997454012332e-08
HillaryClinton_2016730,60514,206069,HillaryClinton,2016-07-30,40.24586,38.50662333333333,1.0517400489467668e-08
realDonaldTrump_2016730,165933,512149,realDonaldTrump,2016-07-30,40.24586,38.50662333333333,1.0517400489467668e-08
HillaryClinton_2016731,42703,123297,HillaryClinton,2016-07-31,41.13602,37.831543333333336,1.1050659355591922e-08
realDonaldTrump_2016731,59925,183709,realDonaldTrump,2016-07-31,41.13602,37.831543333333336,1.1050659355591922e-08
HillaryClinton_201674,12469,36533,HillaryClinton,2016-07-04,42.24645777777778,42.50544444444444,3.7020051840742095e-06
realDonaldTrump_201674,79496,237064,realDonaldTrump,2016-07-04,42.24645777777778,42.50544444444444,3.7020051840742095e-06
HillaryClinton_201675,51385,144039,HillaryClinton,2016-07-05,43.495267142857145,43.16623476190476,1.3886546189476663e-05
realDonaldTrump_201675,97298,263504,realDonaldTrump,2016-07-05,43.495267142857145,43.16623476190476,1.3886546189476663e-05
HillaryClinton_201676,48525,106111,HillaryClinton,2016-07-06,45.29197833333333,40.66735,1.2124288441435012e-06
realDonaldTrump_201676,87531,232630,realDonaldTrump,2016-07-06,45.29197833333333,40.66735,1.2124288441435012e-06
HillaryClinton_201677,69475,151983,HillaryClinton,2016-07-07,42.19336666666667,37.61804333333333,1.9134794439439935e-08
realDonaldTrump_201677,37292,119897,realDonaldTrump,2016-07-07,42.19336666666667,37.61804333333333,1.9134794439439935e-08
HillaryClinton_201678,47636,127891,HillaryClinton,2016-07-08,42.426395,40.11371833333333,4.685687938972787e-06
realDonaldTrump_201678,58937,187167,realDonaldTrump,2016-07-08,42.426395,40.11371833333333,4.685687938972787e-06
HillaryClinton_201679,14261,36351,HillaryClinton,2016-07-09,43.92683666666667,35.24251,9.311935254786951e-09
realDonaldTrump_201679,12015,40404,realDonaldTrump,2016-07-09,43.92683666666667,35.24251,9.311935254786951e-09
HillaryClinton_201681,49812,108947,HillaryClinton,2016-08-01,38.97882111111111,41.23314,2.8085204941454973e-06
realDonaldTrump_201681,185375,527385,realDonaldTrump,2016-08-01,38.97882111111111,41.23314,2.8085204941454973e-06
HillaryClinton_2016810,44040,109319,HillaryClinton,2016-08-10,43.049778333333336,38.52193833333333,2.4076661604734563e-08
realDonaldTrump_2016810,92277,269069,realDonaldTrump,2016-08-10,43.049778333333336,38.52193833333333,2.4076661604734563e-08
HillaryClinton_2016811,88040,243295,HillaryClinton,2016-08-11,37.643481666666666,46.027955,4.853773431381186e-05
realDonaldTrump_2016811,33292,92071,realDonaldTrump,2016-08-11,37.643481666666666,46.027955,4.853773431381186e-05
HillaryClinton_2016812,47227,104525,HillaryClinton,2016-08-12,39.23186833333333,42.18434666666666,1.2947059120810191e-05
realDonaldTrump_2016812,57752,179583,realDonaldTrump,2016-08-12,39.23186833333333,42.18434666666666,1.2947059120810191e-05
HillaryClinton_2016813,12533,36384,HillaryClinton,2016-08-13,41.8392,37.65226666666667,1.9977359653189682e-08
realDonaldTrump_2016813,44668,150342,realDonaldTrump,2016-08-13,41.8392,37.65226666666667,1.9977359653189682e-08
HillaryClinton_2016814,8221,28728,HillaryClinton,2016-08-14,42.12119166666667,42.737815000000005,2.2514487780940672e-08
realDonaldTrump_2016814,112709,343441,realDonaldTrump,2016-08-14,42.12119166666667,42.737815000000005,2.2514487780940672e-08
HillaryClinton_2016815,69757,183495,HillaryClinton,2016-08-15,38.431605,42.77850333333333,5.456909087678678e-07
realDonaldTrump_2016815,24673,49010,realDonaldTrump,2016-08-15,38.431605,42.77850333333333,5.456909087678678e-07
HillaryClinton_2016816,32338,88693,HillaryClinton,2016-08-16,44.73489833333333,42.47527333333333,4.069798260142871e-06
realDonaldTrump_2016816,37074,99118,realDonaldTrump,2016-08-16,44.73489833333333,42.47527333333333,4.069798260142871e-06
HillaryClinton_2016817,27742,71840,HillaryClinton,2016-08-17,45.41140222222222,39.65714777777778,1.3365309535721275e-06
realDonaldTrump_2016817,50530,142190,realDonaldTrump,2016-08-17,45.41140222222222,39.65714777777778,1.3365309535721275e-06
HillaryClinton_2016818,38088,93131,HillaryClinton,2016-08-18,43.66723166666666,38.964025,4.179377926593053e-06
realDonaldTrump_2016818,47557,102723,realDonaldTrump,2016-08-18,43.66723166666666,38.964025,4.179377926593053e-06
HillaryClinton_2016819,51799,134669,HillaryClinton,2016-08-19,44.61781,35.06664333333333,9.944878353259408e-09
realDonaldTrump_2016819,85242,251383,realDonaldTrump,2016-08-19,44.61781,35.06664333333333,9.944878353259408e-09
HillaryClinton_201682,72933,169562,HillaryClinton,2016-08-02,48.05676444444444,37.59436,9.395268874940258e-07
realDonaldTrump_201682,103043,254693,realDonaldTrump,2016-08-02,48.05676444444444,37.59436,9.395268874940258e-07
HillaryClinton_2016820,26663,55234,HillaryClinton,2016-08-20,42.93602222222222,40.77421777777778,2.834305282405416e-06
realDonaldTrump_2016820,46673,154893,realDonaldTrump,2016-08-20,42.93602222222222,40.77421777777778,2.834305282405416e-06
HillaryClinton_2016821,28153,69342,HillaryClinton,2016-08-21,43.439915000000006,38.54165166666667,2.701734718570036e-06
realDonaldTrump_2016821,40562,122886,realDonaldTrump,2016-08-21,43.439915000000006,38.54165166666667,2.701734718570036e-06
HillaryClinton_2016822,19599,43756,HillaryClinton,2016-08-22,43.71289444444445,39.76605333333333,7.766303715964513e-06
realDonaldTrump_2016822,47285,147370,realDonaldTrump,2016-08-22,43.71289444444445,39.76605333333333,7.766303715964513e-06
HillaryClinton_2016823,34388,72069,HillaryClinton,2016-08-23,44.190575555555554,40.32687222222222,1.960164062803325e-05
realDonaldTrump_2016823,64365,186899,realDonaldTrump,2016-08-23,44.190575555555554,40.32687222222222,1.960164062803325e-05
HillaryClinton_2016824,37716,107295,HillaryClinton,2016-08-24,43.37989,35.58992,9.007737565105025e-09
realDonaldTrump_2016824,55154,177261,realDonaldTrump,2016-08-24,43.37989,35.58992,9.007737565105025e-09
HillaryClinton_2016825,127870,263963,HillaryClinton,2016-08-25,45.47421666666667,33.61337,9.578072352748545e-09
realDonaldTrump_2016825,93646,241981,realDonaldTrump,2016-08-25,45.47421666666667,33.61337,9.578072352748545e-09
HillaryClinton_2016826,73026,196611,HillaryClinton,2016-08-26,43.83734904761905,41.21613,0.0002009760759776
realDonaldTrump_2016826,93829,244995,realDonaldTrump,2016-08-26,43.83734904761905,41.21613,0.0002009760759776
HillaryClinton_2016827,14148,28098,HillaryClinton,2016-08-27,40.49714111111111,38.57530666666666,2.725670488766221e-05
realDonaldTrump_2016827,64766,185517,realDonaldTrump,2016-08-27,40.49714111111111,38.57530666666666,2.725670488766221e-05
HillaryClinton_2016828,25082,56520,HillaryClinton,2016-08-28,41.188161666666666,41.322,5.91533865039913e-07
realDonaldTrump_2016828,40654,122539,realDonaldTrump,2016-08-28,41.188161666666666,41.322,5.91533865039913e-07
HillaryClinton_2016829,28083,58927,HillaryClinton,2016-08-29,43.30588333333333,39.89910666666666,1.1849903077310893e-07
realDonaldTrump_2016829,85128,226428,realDonaldTrump,2016-08-29,43.30588333333333,39.89910666666666,1.1849903077310893e-07
HillaryClinton_201683,55554,144814,HillaryClinton,2016-08-03,39.23822,39.93445666666667,5.2921016386725e-08
realDonaldTrump_201683,53872,168389,realDonaldTrump,2016-08-03,39.23822,39.93445666666667,5.2921016386725e-08
HillaryClinton_2016830,29259,66228,HillaryClinton,2016-08-30,38.00068,37.58116,5.5633684687000384e-08
realDonaldTrump_2016830,49704,145879,realDonaldTrump,2016-08-30,38.00068,37.58116,5.5633684687000384e-08
HillaryClinton_2016831,84403,143107,HillaryClinton,2016-08-31,46.73784333333333,36.8521,6.747877668750964e-06
realDonaldTrump_2016831,52696,148758,realDonaldTrump,2016-08-31,46.73784333333333,36.8521,6.747877668750964e-06
HillaryClinton_201684,47704,139562,HillaryClinton,2016-08-04,44.14848222222222,39.999274444444445,3.86354974124547e-06
realDonaldTrump_201684,58921,177687,realDonaldTrump,2016-08-04,44.14848222222222,39.999274444444445,3.86354974124547e-06
HillaryClinton_201685,61647,167164,HillaryClinton,2016-08-05,42.75765166666667,40.99510333333333,9.842549318551948e-08
realDonaldTrump_201685,67376,176415,realDonaldTrump,2016-08-05,42.75765166666667,40.99510333333333,9.842549318551948e-08
HillaryClinton_201686,48339,114173,HillaryClinton,2016-08-06,38.14059,40.97935666666667,6.088444761788094e-08
realDonaldTrump_201686,80377,245035,realDonaldTrump,2016-08-06,38.14059,40.97935666666667,6.088444761788094e-08
HillaryClinton_201687,36729,109538,HillaryClinton,2016-08-07,40.770285,37.22016166666666,6.547620820791976e-08
realDonaldTrump_201687,33216,97807,realDonaldTrump,2016-08-07,40.770285,37.22016166666666,6.547620820791976e-08
HillaryClinton_201688,77191,177765,HillaryClinton,2016-08-08,44.31016888888889,40.723283888888886,4.7001891152549695e-05
realDonaldTrump_201688,62145,183962,realDonaldTrump,2016-08-08,44.31016888888889,40.723283888888886,4.7001891152549695e-05
HillaryClinton_201689,36542,85641,HillaryClinton,2016-08-09,43.606165,41.97098583333334,1.1277670426874803e-05
realDonaldTrump_201689,68450,198638,realDonaldTrump,2016-08-09,43.606165,41.97098583333334,1.1277670426874803e-05
HillaryClinton_201691,75998,164588,HillaryClinton,2016-09-01,45.87927866666666,38.20986066666667,4.879157560606412e-05
realDonaldTrump_201691,80274,203606,realDonaldTrump,2016-09-01,45.87927866666666,38.20986066666667,4.879157560606412e-05
HillaryClinton_2016910,89784,177408,HillaryClinton,2016-09-10,47.24163888888889,36.52870111111111,6.728139914602348e-05
realDonaldTrump_2016910,85458,272543,realDonaldTrump,2016-09-10,47.24163888888889,36.52870111111111,6.728139914602348e-05
HillaryClinton_2016911,33208,74444,HillaryClinton,2016-09-11,45.280716,39.426078,0.0001268353610422
realDonaldTrump_2016911,9682,22000,realDonaldTrump,2016-09-11,45.280716,39.426078,0.0001268353610422
HillaryClinton_2016912,65048,163529,HillaryClinton,2016-09-12,41.90373,37.42008,7.371640806843333e-08
realDonaldTrump_2016912,26855,102467,realDonaldTrump,2016-09-12,41.90373,37.42008,7.371640806843333e-08
HillaryClinton_2016913,99842,220924,HillaryClinton,2016-09-13,43.99796555555556,40.70288222222222,6.205832881100109e-06
realDonaldTrump_2016913,61867,167813,realDonaldTrump,2016-09-13,43.99796555555556,40.70288222222222,6.205832881100109e-06
HillaryClinton_2016914,128232,220355,HillaryClinton,2016-09-14,43.65033333333333,36.347636666666666,8.435680512976975e-08
realDonaldTrump_2016914,56486,179288,realDonaldTrump,2016-09-14,43.65033333333333,36.347636666666666,8.435680512976975e-08
HillaryClinton_2016915,67025,138785,HillaryClinton,2016-09-15,44.655335,38.149645,1.1155797425474465e-07
realDonaldTrump_2016915,45663,145195,realDonaldTrump,2016-09-15,44.655335,38.149645,1.1155797425474465e-07
HillaryClinton_2016916,212530,477133,HillaryClinton,2016-09-16,47.51962222222223,37.53135333333333,0.0001404363702119
realDonaldTrump_2016916,38348,121486,realDonaldTrump,2016-09-16,47.51962222222223,37.53135333333333,0.0001404363702119
HillaryClinton_2016917,46552,106086,HillaryClinton,2016-09-17,42.84811833333333,38.37903666666667,8.303594134370317e-06
realDonaldTrump_2016917,73713,232874,realDonaldTrump,2016-09-17,42.84811833333333,38.37903666666667,8.303594134370317e-06
HillaryClinton_2016918,53698,115201,HillaryClinton,2016-09-18,46.070771666666666,40.72915,0.0003623790143052
realDonaldTrump_2016918,48929,145835,realDonaldTrump,2016-09-18,46.070771666666666,40.72915,0.0003623790143052
HillaryClinton_2016919,93754,227461,HillaryClinton,2016-09-19,46.19312166666666,38.742595,5.624279469712123e-05
realDonaldTrump_2016919,71499,200278,realDonaldTrump,2016-09-19,46.19312166666666,38.742595,5.624279469712123e-05
HillaryClinton_201692,40697,91941,HillaryClinton,2016-09-02,49.63909,37.78259888888888,0.0001355747010699
realDonaldTrump_201692,35023,108471,realDonaldTrump,2016-09-02,49.63909,37.78259888888888,0.0001355747010699
HillaryClinton_2016920,67658,125442,HillaryClinton,2016-09-20,39.111783333333335,38.28554833333333,3.994975962068024e-07
realDonaldTrump_2016920,71449,210970,realDonaldTrump,2016-09-20,39.111783333333335,38.28554833333333,3.994975962068024e-07
HillaryClinton_2016921,50179,107517,HillaryClinton,2016-09-21,42.656216666666666,34.22924666666666,3.461311237414397e-08
realDonaldTrump_2016921,60804,180707,realDonaldTrump,2016-09-21,42.656216666666666,34.22924666666666,3.461311237414397e-08
HillaryClinton_2016922,94553,180144,HillaryClinton,2016-09-22,45.844655,41.411824583333335,3.5593190353173575e-05
realDonaldTrump_2016922,17517,60304,realDonaldTrump,2016-09-22,45.844655,41.411824583333335,3.5593190353173575e-05
HillaryClinton_2016923,105636,181636,HillaryClinton,2016-09-23,42.34624333333333,32.44883,4.2522056098527766e-08
realDonaldTrump_2016923,38578,94094,realDonaldTrump,2016-09-23,42.34624333333333,32.44883,4.2522056098527766e-08
HillaryClinton_2016924,53592,111615,HillaryClinton,2016-09-24,43.35177333333333,32.56041666666667,4.858091715265123e-08
realDonaldTrump_2016924,56532,150171,realDonaldTrump,2016-09-24,43.35177333333333,32.56041666666667,4.858091715265123e-08
HillaryClinton_2016925,61019,123945,HillaryClinton,2016-09-25,44.45143,32.573613333333334,4.9725071225070474e-08
realDonaldTrump_2016925,53748,174033,realDonaldTrump,2016-09-25,44.45143,32.573613333333334,4.9725071225070474e-08
HillaryClinton_2016926,105907,185308,HillaryClinton,2016-09-26,53.791914,34.630198666666665,0.0009420060231251
realDonaldTrump_2016926,222086,519918,realDonaldTrump,2016-09-26,53.791914,34.630198666666665,0.0009420060231251
HillaryClinton_2016927,870201,1667312,HillaryClinton,2016-09-27,45.13381916666666,38.44657083333333,0.0001339467205957
realDonaldTrump_2016927,235711,602691,realDonaldTrump,2016-09-27,45.13381916666666,38.44657083333333,0.0001339467205957
HillaryClinton_2016928,218,651,HillaryClinton,2016-09-28,47.28622833333333,38.960793333333335,1.3643023412137258e-05
realDonaldTrump_2016928,56181,147056,realDonaldTrump,2016-09-28,47.28622833333333,38.960793333333335,1.3643023412137258e-05
HillaryClinton_201693,26007,52479,HillaryClinton,2016-09-03,46.263355,39.61218333333333,1.2210602741856754e-05
realDonaldTrump_201693,46500,129468,realDonaldTrump,2016-09-03,46.263355,39.61218333333333,1.2210602741856754e-05
HillaryClinton_201694,14924,35609,HillaryClinton,2016-09-04,46.54372166666667,39.58074833333333,1.6388860128294872e-05
realDonaldTrump_201694,86591,262539,realDonaldTrump,2016-09-04,46.54372166666667,39.58074833333333,1.6388860128294872e-05
HillaryClinton_201695,31682,75247,HillaryClinton,2016-09-05,44.46689222222222,39.19845222222222,6.268386246605132e-05
realDonaldTrump_201695,40835,112505,realDonaldTrump,2016-09-05,44.46689222222222,39.19845222222222,6.268386246605132e-05
HillaryClinton_201696,29551,68532,HillaryClinton,2016-09-06,39.458995,35.281565,3.536001902160667e-05
realDonaldTrump_201696,84979,252580,realDonaldTrump,2016-09-06,39.458995,35.281565,3.536001902160667e-05
HillaryClinton_201697,59368,119819,HillaryClinton,2016-09-07,49.73843,35.97035277777778,0.000321056081068
realDonaldTrump_201697,35061,108862,realDonaldTrump,2016-09-07,49.73843,35.97035277777778,0.000321056081068
HillaryClinton_201698,136785,312844,HillaryClinton,2016-09-08,43.82154,34.97533333333333,2.679645877192692e-07
realDonaldTrump_201698,99890,301214,realDonaldTrump,2016-09-08,43.82154,34.97533333333333,2.679645877192692e-07
HillaryClinton_201699,39653,91081,HillaryClinton,2016-09-09,36.358756666666665,43.05139499999999,5.828277090665387e-06
realDonaldTrump_201699,51192,145409,realDonaldTrump,2016-09-09,36.358756666666665,43.05139499999999,5.828277090665387e-06
realDonaldTrump_2015101,17589,32246,realDonaldTrump,2015-10-01,,,
realDonaldTrump_20151010,13732,27898,realDonaldTrump,2015-10-10,,,
realDonaldTrump_20151011,8133,17633,realDonaldTrump,2015-10-11,,,
realDonaldTrump_20151012,7626,15572,realDonaldTrump,2015-10-12,,,
realDonaldTrump_20151013,141209,324088,realDonaldTrump,2015-10-13,,,
realDonaldTrump_20151014,18736,46075,realDonaldTrump,2015-10-14,,,
realDonaldTrump_20151015,20191,40782,realDonaldTrump,2015-10-15,,,
realDonaldTrump_20151016,22674,44559,realDonaldTrump,2015-10-16,,,
realDonaldTrump_20151017,16424,33169,realDonaldTrump,2015-10-17,,,
realDonaldTrump_20151018,47289,93992,realDonaldTrump,2015-10-18,,,
realDonaldTrump_20151019,23474,43260,realDonaldTrump,2015-10-19,,,
realDonaldTrump_2015102,19569,37243,realDonaldTrump,2015-10-02,,,
realDonaldTrump_20151020,19579,42000,realDonaldTrump,2015-10-20,,,
realDonaldTrump_20151021,15386,30907,realDonaldTrump,2015-10-21,,,
realDonaldTrump_20151022,13275,25693,realDonaldTrump,2015-10-22,,,
realDonaldTrump_20151023,5147,11375,realDonaldTrump,2015-10-23,,,
realDonaldTrump_20151024,20650,43698,realDonaldTrump,2015-10-24,,,
realDonaldTrump_20151025,44631,85731,realDonaldTrump,2015-10-25,,,
realDonaldTrump_20151026,11456,23861,realDonaldTrump,2015-10-26,,,
realDonaldTrump_20151027,18138,35399,realDonaldTrump,2015-10-27,,,
realDonaldTrump_20151028,26080,53286,realDonaldTrump,2015-10-28,,,
realDonaldTrump_20151029,37402,81087,realDonaldTrump,2015-10-29,,,
realDonaldTrump_2015103,15743,27017,realDonaldTrump,2015-10-03,,,
realDonaldTrump_20151030,20912,44423,realDonaldTrump,2015-10-30,,,
realDonaldTrump_20151031,35849,71960,realDonaldTrump,2015-10-31,,,
realDonaldTrump_2015104,24088,42930,realDonaldTrump,2015-10-04,,,
realDonaldTrump_2015105,20637,34765,realDonaldTrump,2015-10-05,,,
realDonaldTrump_2015106,24828,49883,realDonaldTrump,2015-10-06,,,
realDonaldTrump_2015107,18829,34920,realDonaldTrump,2015-10-07,,,
realDonaldTrump_2015108,24342,38699,realDonaldTrump,2015-10-08,,,
realDonaldTrump_2015109,19804,38499,realDonaldTrump,2015-10-09,,,
realDonaldTrump_201511,3567,4313,realDonaldTrump,2015-01-01,,,
realDonaldTrump_2015110,359,493,realDonaldTrump,2015-01-10,,,
realDonaldTrump_2015111,22610,43561,realDonaldTrump,2015-11-01,,,
realDonaldTrump_20151110,14059,32952,realDonaldTrump,2015-11-10,,,
realDonaldTrump_20151111,14500,35525,realDonaldTrump,2015-11-11,,,
realDonaldTrump_20151112,27069,58480,realDonaldTrump,2015-11-12,,,
realDonaldTrump_20151113,35699,78580,realDonaldTrump,2015-11-13,,,
realDonaldTrump_20151114,41998,94735,realDonaldTrump,2015-11-14,,,
realDonaldTrump_20151115,52718,105755,realDonaldTrump,2015-11-15,,,
realDonaldTrump_20151116,23552,57939,realDonaldTrump,2015-11-16,,,
realDonaldTrump_20151117,35004,67491,realDonaldTrump,2015-11-17,,,
realDonaldTrump_20151118,6752,15396,realDonaldTrump,2015-11-18,,,
realDonaldTrump_20151119,48104,112240,realDonaldTrump,2015-11-19,,,
realDonaldTrump_2015112,24125,42676,realDonaldTrump,2015-11-02,,,
realDonaldTrump_20151120,43647,103358,realDonaldTrump,2015-11-20,,,
realDonaldTrump_20151121,25065,59051,realDonaldTrump,2015-11-21,,,
realDonaldTrump_20151122,35602,74996,realDonaldTrump,2015-11-22,,,
realDonaldTrump_20151123,23439,54850,realDonaldTrump,2015-11-23,,,
realDonaldTrump_20151124,16635,42434,realDonaldTrump,2015-11-24,,,
realDonaldTrump_20151125,21240,51381,realDonaldTrump,2015-11-25,,,
realDonaldTrump_20151126,16246,41218,realDonaldTrump,2015-11-26,,,
realDonaldTrump_20151127,11506,26200,realDonaldTrump,2015-11-27,,,
realDonaldTrump_20151128,20057,52562,realDonaldTrump,2015-11-28,,,
realDonaldTrump_20151129,15717,36987,realDonaldTrump,2015-11-29,,,
realDonaldTrump_2015113,21059,38942,realDonaldTrump,2015-11-03,,,
realDonaldTrump_20151130,15756,33870,realDonaldTrump,2015-11-30,,,
realDonaldTrump_2015114,11515,21746,realDonaldTrump,2015-11-04,,,
realDonaldTrump_2015115,14042,26166,realDonaldTrump,2015-11-05,,,
realDonaldTrump_2015116,40245,66405,realDonaldTrump,2015-11-06,,,
realDonaldTrump_2015117,21417,47769,realDonaldTrump,2015-11-07,,,
realDonaldTrump_2015118,26456,67523,realDonaldTrump,2015-11-08,,,
realDonaldTrump_2015119,13433,27914,realDonaldTrump,2015-11-09,,,
realDonaldTrump_201512,1859,2613,realDonaldTrump,2015-01-02,,,
realDonaldTrump_2015120,3659,4686,realDonaldTrump,2015-01-20,,,
realDonaldTrump_2015121,21298,45909,realDonaldTrump,2015-12-01,,,
realDonaldTrump_20151210,57745,114771,realDonaldTrump,2015-12-10,,,
realDonaldTrump_20151211,40995,82864,realDonaldTrump,2015-12-11,,,
realDonaldTrump_20151212,31285,74892,realDonaldTrump,2015-12-12,,,
realDonaldTrump_20151213,44275,105882,realDonaldTrump,2015-12-13,,,
realDonaldTrump_20151214,17432,42197,realDonaldTrump,2015-12-14,,,
realDonaldTrump_20151215,39124,106312,realDonaldTrump,2015-12-15,,,
realDonaldTrump_20151216,26159,70787,realDonaldTrump,2015-12-16,,,
realDonaldTrump_20151217,16218,35772,realDonaldTrump,2015-12-17,,,
realDonaldTrump_20151218,26484,61150,realDonaldTrump,2015-12-18,,,
realDonaldTrump_20151219,26094,65576,realDonaldTrump,2015-12-19,,,
realDonaldTrump_2015122,24509,56162,realDonaldTrump,2015-12-02,,,
realDonaldTrump_20151220,25459,62707,realDonaldTrump,2015-12-20,,,
realDonaldTrump_20151221,34078,82633,realDonaldTrump,2015-12-21,,,
realDonaldTrump_20151222,59224,132077,realDonaldTrump,2015-12-22,,,
realDonaldTrump_20151223,39660,94982,realDonaldTrump,2015-12-23,,,
realDonaldTrump_20151224,38229,105544,realDonaldTrump,2015-12-24,,,
realDonaldTrump_20151225,21655,64429,realDonaldTrump,2015-12-25,,,
realDonaldTrump_20151226,21902,58435,realDonaldTrump,2015-12-26,,,
realDonaldTrump_20151227,23915,63453,realDonaldTrump,2015-12-27,,,
realDonaldTrump_20151228,31615,87128,realDonaldTrump,2015-12-28,,,
realDonaldTrump_20151229,20918,55856,realDonaldTrump,2015-12-29,,,
realDonaldTrump_2015123,32114,76041,realDonaldTrump,2015-12-03,,,
realDonaldTrump_20151230,20960,63420,realDonaldTrump,2015-12-30,,,
realDonaldTrump_20151231,32174,91703,realDonaldTrump,2015-12-31,,,
realDonaldTrump_2015124,24101,57644,realDonaldTrump,2015-12-04,,,
realDonaldTrump_2015125,18067,35305,realDonaldTrump,2015-12-05,,,
realDonaldTrump_2015126,70954,162479,realDonaldTrump,2015-12-06,,,
realDonaldTrump_2015127,42057,100287,realDonaldTrump,2015-12-07,,,
realDonaldTrump_2015128,33458,80369,realDonaldTrump,2015-12-08,,,
realDonaldTrump_2015129,58113,118225,realDonaldTrump,2015-12-09,,,
realDonaldTrump_201513,583,1294,realDonaldTrump,2015-01-03,,,
realDonaldTrump_2015130,6705,5045,realDonaldTrump,2015-01-30,,,
realDonaldTrump_2015131,245,554,realDonaldTrump,2015-01-31,,,
realDonaldTrump_201514,3176,7319,realDonaldTrump,2015-01-04,,,
realDonaldTrump_201515,1926,4093,realDonaldTrump,2015-01-05,,,
realDonaldTrump_201516,1741,2706,realDonaldTrump,2015-01-06,,,
realDonaldTrump_201517,9730,9697,realDonaldTrump,2015-01-07,,,
realDonaldTrump_201518,15271,24027,realDonaldTrump,2015-01-08,,,
realDonaldTrump_201519,1262,1635,realDonaldTrump,2015-01-09,,,
realDonaldTrump_201521,5944,7155,realDonaldTrump,2015-02-01,,,
realDonaldTrump_2015210,2266,3260,realDonaldTrump,2015-02-10,,,
realDonaldTrump_2015211,709,888,realDonaldTrump,2015-02-11,,,
realDonaldTrump_2015212,1689,2023,realDonaldTrump,2015-02-12,,,
realDonaldTrump_2015213,967,1323,realDonaldTrump,2015-02-13,,,
realDonaldTrump_2015214,1396,1831,realDonaldTrump,2015-02-14,,,
realDonaldTrump_2015215,889,1440,realDonaldTrump,2015-02-15,,,
realDonaldTrump_2015216,568,1428,realDonaldTrump,2015-02-16,,,
realDonaldTrump_2015217,281,599,realDonaldTrump,2015-02-17,,,
realDonaldTrump_2015218,636,888,realDonaldTrump,2015-02-18,,,
realDonaldTrump_2015219,2087,3183,realDonaldTrump,2015-02-19,,,
realDonaldTrump_201522,7349,8597,realDonaldTrump,2015-02-02,,,
realDonaldTrump_2015220,1124,1603,realDonaldTrump,2015-02-20,,,
realDonaldTrump_2015221,644,1061,realDonaldTrump,2015-02-21,,,
realDonaldTrump_2015222,75497,76032,realDonaldTrump,2015-02-22,,,
realDonaldTrump_2015223,1835,2621,realDonaldTrump,2015-02-23,,,
realDonaldTrump_2015224,6750,5539,realDonaldTrump,2015-02-24,,,
realDonaldTrump_2015225,895,929,realDonaldTrump,2015-02-25,,,
realDonaldTrump_2015226,90,128,realDonaldTrump,2015-02-26,,,
realDonaldTrump_2015227,184,202,realDonaldTrump,2015-02-27,,,
realDonaldTrump_2015228,297,378,realDonaldTrump,2015-02-28,,,
realDonaldTrump_201523,1172,1516,realDonaldTrump,2015-02-03,,,
realDonaldTrump_201524,1944,2324,realDonaldTrump,2015-02-04,,,
realDonaldTrump_201525,871,1127,realDonaldTrump,2015-02-05,,,
realDonaldTrump_201526,5761,5079,realDonaldTrump,2015-02-06,,,
realDonaldTrump_201527,435,693,realDonaldTrump,2015-02-07,,,
realDonaldTrump_201528,78,169,realDonaldTrump,2015-02-08,,,
realDonaldTrump_201529,1701,3521,realDonaldTrump,2015-02-09,,,
realDonaldTrump_201531,270,338,realDonaldTrump,2015-03-01,,,
realDonaldTrump_2015310,631,741,realDonaldTrump,2015-03-10,,,
realDonaldTrump_2015311,1374,2010,realDonaldTrump,2015-03-11,,,
realDonaldTrump_2015312,1447,1944,realDonaldTrump,2015-03-12,,,
realDonaldTrump_2015313,1268,1582,realDonaldTrump,2015-03-13,,,
realDonaldTrump_2015315,121,266,realDonaldTrump,2015-03-15,,,
realDonaldTrump_2015316,372,649,realDonaldTrump,2015-03-16,,,
realDonaldTrump_2015317,799,1061,realDonaldTrump,2015-03-17,,,
realDonaldTrump_2015318,772,1313,realDonaldTrump,2015-03-18,,,
realDonaldTrump_2015319,332,582,realDonaldTrump,2015-03-19,,,
realDonaldTrump_201532,831,969,realDonaldTrump,2015-03-02,,,
realDonaldTrump_2015320,1266,1704,realDonaldTrump,2015-03-20,,,
realDonaldTrump_2015322,115,246,realDonaldTrump,2015-03-22,,,
realDonaldTrump_2015323,1143,2224,realDonaldTrump,2015-03-23,,,
realDonaldTrump_2015324,1331,2321,realDonaldTrump,2015-03-24,,,
realDonaldTrump_2015325,855,1309,realDonaldTrump,2015-03-25,,,
realDonaldTrump_2015326,4552,5447,realDonaldTrump,2015-03-26,,,
realDonaldTrump_2015327,551,610,realDonaldTrump,2015-03-27,,,
realDonaldTrump_2015329,178,233,realDonaldTrump,2015-03-29,,,
realDonaldTrump_201533,1124,1466,realDonaldTrump,2015-03-03,,,
realDonaldTrump_2015330,1534,2131,realDonaldTrump,2015-03-30,,,
realDonaldTrump_2015331,2034,3177,realDonaldTrump,2015-03-31,,,
realDonaldTrump_201534,1043,1405,realDonaldTrump,2015-03-04,,,
realDonaldTrump_201535,4507,4520,realDonaldTrump,2015-03-05,,,
realDonaldTrump_201536,866,1191,realDonaldTrump,2015-03-06,,,
realDonaldTrump_201538,119,249,realDonaldTrump,2015-03-08,,,
realDonaldTrump_201539,1268,1868,realDonaldTrump,2015-03-09,,,
realDonaldTrump_201541,2167,2927,realDonaldTrump,2015-04-01,,,
realDonaldTrump_2015410,2313,4773,realDonaldTrump,2015-04-10,,,
realDonaldTrump_2015411,1815,3153,realDonaldTrump,2015-04-11,,,
realDonaldTrump_2015412,2503,5258,realDonaldTrump,2015-04-12,,,
realDonaldTrump_2015413,1049,1726,realDonaldTrump,2015-04-13,,,
realDonaldTrump_2015414,92,163,realDonaldTrump,2015-04-14,,,
realDonaldTrump_2015415,1679,2450,realDonaldTrump,2015-04-15,,,
realDonaldTrump_2015416,3148,4926,realDonaldTrump,2015-04-16,,,
realDonaldTrump_2015417,1036,1580,realDonaldTrump,2015-04-17,,,
realDonaldTrump_2015418,1354,2735,realDonaldTrump,2015-04-18,,,
realDonaldTrump_2015419,413,876,realDonaldTrump,2015-04-19,,,
realDonaldTrump_201542,1226,1319,realDonaldTrump,2015-04-02,,,
realDonaldTrump_2015420,6515,8288,realDonaldTrump,2015-04-20,,,
realDonaldTrump_2015421,6512,13401,realDonaldTrump,2015-04-21,,,
realDonaldTrump_2015422,2041,2604,realDonaldTrump,2015-04-22,,,
realDonaldTrump_2015423,1700,2281,realDonaldTrump,2015-04-23,,,
realDonaldTrump_2015424,175,253,realDonaldTrump,2015-04-24,,,
realDonaldTrump_2015425,6715,12541,realDonaldTrump,2015-04-25,,,
realDonaldTrump_2015427,9570,10458,realDonaldTrump,2015-04-27,,,
realDonaldTrump_2015428,9016,11515,realDonaldTrump,2015-04-28,,,
realDonaldTrump_2015429,898,1985,realDonaldTrump,2015-04-29,,,
realDonaldTrump_201543,473,626,realDonaldTrump,2015-04-03,,,
realDonaldTrump_2015430,2835,4618,realDonaldTrump,2015-04-30,,,
realDonaldTrump_201544,267,535,realDonaldTrump,2015-04-04,,,
realDonaldTrump_201545,35916,40178,realDonaldTrump,2015-04-05,,,
realDonaldTrump_201546,2222,3547,realDonaldTrump,2015-04-06,,,
realDonaldTrump_201547,297,515,realDonaldTrump,2015-04-07,,,
realDonaldTrump_201548,924,1711,realDonaldTrump,2015-04-08,,,
realDonaldTrump_201549,351,743,realDonaldTrump,2015-04-09,,,
realDonaldTrump_201551,2409,3911,realDonaldTrump,2015-05-01,,,
realDonaldTrump_2015510,464,936,realDonaldTrump,2015-05-10,,,
realDonaldTrump_2015511,20431,21248,realDonaldTrump,2015-05-11,,,
realDonaldTrump_2015512,7171,11060,realDonaldTrump,2015-05-12,,,
realDonaldTrump_2015513,4829,5996,realDonaldTrump,2015-05-13,,,
realDonaldTrump_2015514,1046,1704,realDonaldTrump,2015-05-14,,,
realDonaldTrump_2015515,308,528,realDonaldTrump,2015-05-15,,,
realDonaldTrump_2015516,859,1759,realDonaldTrump,2015-05-16,,,
realDonaldTrump_2015517,814,1381,realDonaldTrump,2015-05-17,,,
realDonaldTrump_2015518,1099,1870,realDonaldTrump,2015-05-18,,,
realDonaldTrump_2015519,2127,3121,realDonaldTrump,2015-05-19,,,
realDonaldTrump_201552,4038,5324,realDonaldTrump,2015-05-02,,,
realDonaldTrump_2015520,1877,2744,realDonaldTrump,2015-05-20,,,
realDonaldTrump_2015521,2807,4628,realDonaldTrump,2015-05-21,,,
realDonaldTrump_2015522,958,1611,realDonaldTrump,2015-05-22,,,
realDonaldTrump_2015523,1403,2536,realDonaldTrump,2015-05-23,,,
realDonaldTrump_2015524,13652,16693,realDonaldTrump,2015-05-24,,,
realDonaldTrump_2015525,1060,1945,realDonaldTrump,2015-05-25,,,
realDonaldTrump_2015526,2082,3227,realDonaldTrump,2015-05-26,,,
realDonaldTrump_2015527,4010,6964,realDonaldTrump,2015-05-27,,,
realDonaldTrump_2015528,1446,2103,realDonaldTrump,2015-05-28,,,
realDonaldTrump_2015529,2073,4372,realDonaldTrump,2015-05-29,,,
realDonaldTrump_201553,646,1268,realDonaldTrump,2015-05-03,,,
realDonaldTrump_2015530,1402,2369,realDonaldTrump,2015-05-30,,,
realDonaldTrump_2015531,1039,1685,realDonaldTrump,2015-05-31,,,
realDonaldTrump_201554,4237,5036,realDonaldTrump,2015-05-04,,,
realDonaldTrump_201555,1158,2043,realDonaldTrump,2015-05-05,,,
realDonaldTrump_201556,349,720,realDonaldTrump,2015-05-06,,,
realDonaldTrump_201557,11993,8404,realDonaldTrump,2015-05-07,,,
realDonaldTrump_201558,4061,4960,realDonaldTrump,2015-05-08,,,
realDonaldTrump_201559,1114,1338,realDonaldTrump,2015-05-09,,,
realDonaldTrump_201561,2278,3450,realDonaldTrump,2015-06-01,,,
realDonaldTrump_2015610,17,24,realDonaldTrump,2015-06-10,,,
realDonaldTrump_2015611,1146,1787,realDonaldTrump,2015-06-11,,,
realDonaldTrump_2015612,1870,3033,realDonaldTrump,2015-06-12,,,
realDonaldTrump_2015613,610,1124,realDonaldTrump,2015-06-13,,,
realDonaldTrump_2015614,1180,2045,realDonaldTrump,2015-06-14,,,
realDonaldTrump_2015615,1070,1862,realDonaldTrump,2015-06-15,,,
realDonaldTrump_2015616,20399,29700,realDonaldTrump,2015-06-16,,,
realDonaldTrump_2015617,1714,3606,realDonaldTrump,2015-06-17,,,
realDonaldTrump_2015618,1063,2574,realDonaldTrump,2015-06-18,,,
realDonaldTrump_2015619,8412,14008,realDonaldTrump,2015-06-19,,,
realDonaldTrump_201562,308,546,realDonaldTrump,2015-06-02,,,
realDonaldTrump_2015620,2670,5190,realDonaldTrump,2015-06-20,,,
realDonaldTrump_2015621,2436,6093,realDonaldTrump,2015-06-21,,,
realDonaldTrump_2015622,4459,9180,realDonaldTrump,2015-06-22,,,
realDonaldTrump_2015623,1009,2202,realDonaldTrump,2015-06-23,,,
realDonaldTrump_2015624,6358,13085,realDonaldTrump,2015-06-24,,,
realDonaldTrump_2015625,3863,5608,realDonaldTrump,2015-06-25,,,
realDonaldTrump_2015626,3011,4762,realDonaldTrump,2015-06-26,,,
realDonaldTrump_2015627,10588,18867,realDonaldTrump,2015-06-27,,,
realDonaldTrump_2015628,5055,10622,realDonaldTrump,2015-06-28,,,
realDonaldTrump_2015629,7111,13862,realDonaldTrump,2015-06-29,,,
realDonaldTrump_201563,1150,1607,realDonaldTrump,2015-06-03,,,
realDonaldTrump_2015630,9171,13880,realDonaldTrump,2015-06-30,,,
realDonaldTrump_201564,1322,1899,realDonaldTrump,2015-06-04,,,
realDonaldTrump_201565,1446,2295,realDonaldTrump,2015-06-05,,,
realDonaldTrump_201566,852,1766,realDonaldTrump,2015-06-06,,,
realDonaldTrump_201567,665,1039,realDonaldTrump,2015-06-07,,,
realDonaldTrump_201568,137,224,realDonaldTrump,2015-06-08,,,
realDonaldTrump_201569,250,311,realDonaldTrump,2015-06-09,,,
realDonaldTrump_201571,10005,15936,realDonaldTrump,2015-07-01,,,
realDonaldTrump_2015710,7967,13244,realDonaldTrump,2015-07-10,,,
realDonaldTrump_2015711,13716,25464,realDonaldTrump,2015-07-11,,,
realDonaldTrump_2015712,23237,28037,realDonaldTrump,2015-07-12,,,
realDonaldTrump_2015713,16778,26939,realDonaldTrump,2015-07-13,,,
realDonaldTrump_2015714,12355,23042,realDonaldTrump,2015-07-14,,,
realDonaldTrump_2015715,3996,8397,realDonaldTrump,2015-07-15,,,
realDonaldTrump_2015716,22256,37343,realDonaldTrump,2015-07-16,,,
realDonaldTrump_2015717,20033,35606,realDonaldTrump,2015-07-17,,,
realDonaldTrump_2015718,26298,50999,realDonaldTrump,2015-07-18,,,
realDonaldTrump_2015719,13152,26459,realDonaldTrump,2015-07-19,,,
realDonaldTrump_201572,15408,28004,realDonaldTrump,2015-07-02,,,
realDonaldTrump_2015720,13893,30017,realDonaldTrump,2015-07-20,,,
realDonaldTrump_2015721,20551,44986,realDonaldTrump,2015-07-21,,,
realDonaldTrump_2015722,17462,33548,realDonaldTrump,2015-07-22,,,
realDonaldTrump_2015723,12042,26480,realDonaldTrump,2015-07-23,,,
realDonaldTrump_2015724,11552,23832,realDonaldTrump,2015-07-24,,,
realDonaldTrump_2015725,16513,37145,realDonaldTrump,2015-07-25,,,
realDonaldTrump_2015726,7485,16800,realDonaldTrump,2015-07-26,,,
realDonaldTrump_2015727,20390,38283,realDonaldTrump,2015-07-27,,,
realDonaldTrump_2015728,17289,30554,realDonaldTrump,2015-07-28,,,
realDonaldTrump_2015729,15299,32532,realDonaldTrump,2015-07-29,,,
realDonaldTrump_201573,16829,30424,realDonaldTrump,2015-07-03,,,
realDonaldTrump_2015730,4954,11821,realDonaldTrump,2015-07-30,,,
realDonaldTrump_2015731,3769,8671,realDonaldTrump,2015-07-31,,,
realDonaldTrump_201574,10628,22160,realDonaldTrump,2015-07-04,,,
realDonaldTrump_201575,12372,19909,realDonaldTrump,2015-07-05,,,
realDonaldTrump_201576,6190,12627,realDonaldTrump,2015-07-06,,,
realDonaldTrump_201577,6507,11214,realDonaldTrump,2015-07-07,,,
realDonaldTrump_201578,4975,9715,realDonaldTrump,2015-07-08,,,
realDonaldTrump_201579,11927,20689,realDonaldTrump,2015-07-09,,,
realDonaldTrump_201581,349,825,realDonaldTrump,2015-08-01,,,
realDonaldTrump_2015810,40397,54607,realDonaldTrump,2015-08-10,,,
realDonaldTrump_2015811,9926,21488,realDonaldTrump,2015-08-11,,,
realDonaldTrump_2015812,1232,3006,realDonaldTrump,2015-08-12,,,
realDonaldTrump_2015813,4610,10426,realDonaldTrump,2015-08-13,,,
realDonaldTrump_2015814,1135,3674,realDonaldTrump,2015-08-14,,,
realDonaldTrump_2015815,9003,18097,realDonaldTrump,2015-08-15,,,
realDonaldTrump_2015817,15197,23643,realDonaldTrump,2015-08-17,,,
realDonaldTrump_2015818,22141,35848,realDonaldTrump,2015-08-18,,,
realDonaldTrump_2015819,7612,16689,realDonaldTrump,2015-08-19,,,
realDonaldTrump_201582,9824,18811,realDonaldTrump,2015-08-02,,,
realDonaldTrump_2015820,20898,33485,realDonaldTrump,2015-08-20,,,
realDonaldTrump_2015821,26645,47037,realDonaldTrump,2015-08-21,,,
realDonaldTrump_2015822,24203,46350,realDonaldTrump,2015-08-22,,,
realDonaldTrump_2015823,6109,12483,realDonaldTrump,2015-08-23,,,
realDonaldTrump_2015824,35116,59093,realDonaldTrump,2015-08-24,,,
realDonaldTrump_2015825,29020,59516,realDonaldTrump,2015-08-25,,,
realDonaldTrump_2015826,4435,7094,realDonaldTrump,2015-08-26,,,
realDonaldTrump_2015827,18377,29033,realDonaldTrump,2015-08-27,,,
realDonaldTrump_2015828,10365,16921,realDonaldTrump,2015-08-28,,,
realDonaldTrump_2015829,13765,26102,realDonaldTrump,2015-08-29,,,
realDonaldTrump_201583,17106,30254,realDonaldTrump,2015-08-03,,,
realDonaldTrump_2015831,32203,56122,realDonaldTrump,2015-08-31,,,
realDonaldTrump_201584,8098,17683,realDonaldTrump,2015-08-04,,,
realDonaldTrump_201585,14877,34180,realDonaldTrump,2015-08-05,,,
realDonaldTrump_201586,8976,24393,realDonaldTrump,2015-08-06,,,
realDonaldTrump_201587,36806,88936,realDonaldTrump,2015-08-07,,,
realDonaldTrump_201588,21311,46137,realDonaldTrump,2015-08-08,,,
realDonaldTrump_201589,13265,37643,realDonaldTrump,2015-08-09,,,
realDonaldTrump_201591,33016,58896,realDonaldTrump,2015-09-01,,,
realDonaldTrump_2015910,5897,9498,realDonaldTrump,2015-09-10,,,
realDonaldTrump_2015911,23702,41902,realDonaldTrump,2015-09-11,,,
realDonaldTrump_2015912,34578,57396,realDonaldTrump,2015-09-12,,,
realDonaldTrump_2015913,2234,4027,realDonaldTrump,2015-09-13,,,
realDonaldTrump_2015914,16216,26372,realDonaldTrump,2015-09-14,,,
realDonaldTrump_2015915,23721,46169,realDonaldTrump,2015-09-15,,,
realDonaldTrump_2015916,15614,29580,realDonaldTrump,2015-09-16,,,
realDonaldTrump_2015917,11257,21960,realDonaldTrump,2015-09-17,,,
realDonaldTrump_2015918,10704,18683,realDonaldTrump,2015-09-18,,,
realDonaldTrump_2015919,34082,64616,realDonaldTrump,2015-09-19,,,
realDonaldTrump_201592,17216,29608,realDonaldTrump,2015-09-02,,,
realDonaldTrump_2015920,18661,32596,realDonaldTrump,2015-09-20,,,
realDonaldTrump_2015921,54828,105754,realDonaldTrump,2015-09-21,,,
realDonaldTrump_2015922,26943,51960,realDonaldTrump,2015-09-22,,,
realDonaldTrump_2015923,15835,27567,realDonaldTrump,2015-09-23,,,
realDonaldTrump_2015924,21814,42426,realDonaldTrump,2015-09-24,,,
realDonaldTrump_2015925,16937,30732,realDonaldTrump,2015-09-25,,,
realDonaldTrump_2015926,17936,29634,realDonaldTrump,2015-09-26,,,
realDonaldTrump_2015927,15171,27818,realDonaldTrump,2015-09-27,,,
realDonaldTrump_2015928,19032,30251,realDonaldTrump,2015-09-28,,,
realDonaldTrump_2015929,8227,13632,realDonaldTrump,2015-09-29,,,
realDonaldTrump_201593,20615,31172,realDonaldTrump,2015-09-03,,,
realDonaldTrump_2015930,24250,40136,realDonaldTrump,2015-09-30,,,
realDonaldTrump_201594,5998,9216,realDonaldTrump,2015-09-04,,,
realDonaldTrump_201595,29845,49301,realDonaldTrump,2015-09-05,,,
realDonaldTrump_201596,29765,55491,realDonaldTrump,2015-09-06,,,
realDonaldTrump_201597,11459,15951,realDonaldTrump,2015-09-07,,,
realDonaldTrump_201598,20550,34700,realDonaldTrump,2015-09-08,,,
realDonaldTrump_201599,11580,19776,realDonaldTrump,2015-09-09,,,
realDonaldTrump_2016101,47729,126491,realDonaldTrump,2016-10-01,,,
realDonaldTrump_20161010,114111,289387,realDonaldTrump,2016-10-10,,,
realDonaldTrump_20161011,244320,565159,realDonaldTrump,2016-10-11,,,
realDonaldTrump_20161012,86577,196133,realDonaldTrump,2016-10-12,,,
realDonaldTrump_20161013,108398,287986,realDonaldTrump,2016-10-13,,,
realDonaldTrump_20161014,54918,121057,realDonaldTrump,2016-10-14,,,
realDonaldTrump_20161015,166792,415248,realDonaldTrump,2016-10-15,,,
realDonaldTrump_20161016,214126,482815,realDonaldTrump,2016-10-16,,,
realDonaldTrump_20161017,287537,587561,realDonaldTrump,2016-10-17,,,
realDonaldTrump_20161018,162080,297770,realDonaldTrump,2016-10-18,,,
realDonaldTrump_20161019,550972,1150951,realDonaldTrump,2016-10-19,,,
realDonaldTrump_2016102,72779,195917,realDonaldTrump,2016-10-02,,,
realDonaldTrump_20161020,145115,317254,realDonaldTrump,2016-10-20,,,
realDonaldTrump_20161021,164994,354004,realDonaldTrump,2016-10-21,,,
realDonaldTrump_20161022,151351,315155,realDonaldTrump,2016-10-22,,,
realDonaldTrump_20161023,138145,279871,realDonaldTrump,2016-10-23,,,
realDonaldTrump_20161024,207054,432792,realDonaldTrump,2016-10-24,,,
realDonaldTrump_20161025,170030,349320,realDonaldTrump,2016-10-25,,,
realDonaldTrump_20161026,72632,161263,realDonaldTrump,2016-10-26,,,
realDonaldTrump_20161027,175002,357027,realDonaldTrump,2016-10-27,,,
realDonaldTrump_20161028,103925,264400,realDonaldTrump,2016-10-28,,,
realDonaldTrump_20161029,84894,215800,realDonaldTrump,2016-10-29,,,
realDonaldTrump_2016103,33451,73477,realDonaldTrump,2016-10-03,,,
realDonaldTrump_20161030,115391,276332,realDonaldTrump,2016-10-30,,,
realDonaldTrump_20161031,59567,133895,realDonaldTrump,2016-10-31,,,
realDonaldTrump_2016104,262444,839369,realDonaldTrump,2016-10-04,,,
realDonaldTrump_2016105,136219,348239,realDonaldTrump,2016-10-05,,,
realDonaldTrump_2016106,64302,153667,realDonaldTrump,2016-10-06,,,
realDonaldTrump_2016107,42956,101065,realDonaldTrump,2016-10-07,,,
realDonaldTrump_2016108,65037,183116,realDonaldTrump,2016-10-08,,,
realDonaldTrump_2016109,443305,1077830,realDonaldTrump,2016-10-09,,,
realDonaldTrump_201611,20704,67532,realDonaldTrump,2016-01-01,,,
realDonaldTrump_2016110,16807,50735,realDonaldTrump,2016-01-10,,,
realDonaldTrump_2016111,192619,449911,realDonaldTrump,2016-11-01,,,
realDonaldTrump_20161110,125992,510199,realDonaldTrump,2016-11-10,,,
realDonaldTrump_20161111,112205,489844,realDonaldTrump,2016-11-11,,,
realDonaldTrump_20161112,43913,172664,realDonaldTrump,2016-11-12,,,
realDonaldTrump_20161113,149786,717561,realDonaldTrump,2016-11-13,,,
realDonaldTrump_20161115,95328,364340,realDonaldTrump,2016-11-15,,,
realDonaldTrump_20161116,85984,303097,realDonaldTrump,2016-11-16,,,
realDonaldTrump_20161117,82927,328060,realDonaldTrump,2016-11-17,,,
realDonaldTrump_20161118,21993,104504,realDonaldTrump,2016-11-18,,,
realDonaldTrump_20161119,88202,364052,realDonaldTrump,2016-11-19,,,
realDonaldTrump_2016112,209062,517750,realDonaldTrump,2016-11-02,,,
realDonaldTrump_20161120,73552,324042,realDonaldTrump,2016-11-20,,,
realDonaldTrump_20161121,68217,209623,realDonaldTrump,2016-11-21,,,
realDonaldTrump_20161122,113496,525505,realDonaldTrump,2016-11-22,,,
realDonaldTrump_20161123,81201,307138,realDonaldTrump,2016-11-23,,,
realDonaldTrump_20161124,25678,119650,realDonaldTrump,2016-11-24,,,
realDonaldTrump_20161126,131363,342779,realDonaldTrump,2016-11-26,,,
realDonaldTrump_20161127,166576,629813,realDonaldTrump,2016-11-27,,,
realDonaldTrump_20161128,78696,312799,realDonaldTrump,2016-11-28,,,
realDonaldTrump_20161129,159366,602470,realDonaldTrump,2016-11-29,,,
realDonaldTrump_2016113,130377,360267,realDonaldTrump,2016-11-03,,,
realDonaldTrump_20161130,105233,427949,realDonaldTrump,2016-11-30,,,
realDonaldTrump_2016114,145428,350515,realDonaldTrump,2016-11-04,,,
realDonaldTrump_2016115,147999,359079,realDonaldTrump,2016-11-05,,,
realDonaldTrump_2016116,121989,311518,realDonaldTrump,2016-11-06,,,
realDonaldTrump_2016117,152114,431974,realDonaldTrump,2016-11-07,,,
realDonaldTrump_2016118,512972,1235404,realDonaldTrump,2016-11-08,,,
realDonaldTrump_2016119,206850,618737,realDonaldTrump,2016-11-09,,,
realDonaldTrump_201612,31192,83501,realDonaldTrump,2016-01-02,,,
realDonaldTrump_2016120,15341,42612,realDonaldTrump,2016-01-20,,,
realDonaldTrump_2016121,66109,274562,realDonaldTrump,2016-12-01,,,
realDonaldTrump_20161210,67073,271924,realDonaldTrump,2016-12-10,,,
realDonaldTrump_20161211,54775,266032,realDonaldTrump,2016-12-11,,,
realDonaldTrump_20161212,124626,480424,realDonaldTrump,2016-12-12,,,
realDonaldTrump_20161213,59910,238160,realDonaldTrump,2016-12-13,,,
realDonaldTrump_20161214,11604,49134,realDonaldTrump,2016-12-14,,,
realDonaldTrump_20161215,72415,286572,realDonaldTrump,2016-12-15,,,
realDonaldTrump_20161216,57027,212551,realDonaldTrump,2016-12-16,,,
realDonaldTrump_20161217,59618,248753,realDonaldTrump,2016-12-17,,,
realDonaldTrump_20161218,29661,114577,realDonaldTrump,2016-12-18,,,
realDonaldTrump_20161219,101309,392401,realDonaldTrump,2016-12-19,,,
realDonaldTrump_2016122,115024,378074,realDonaldTrump,2016-12-02,,,
realDonaldTrump_20161220,35495,160065,realDonaldTrump,2016-12-20,,,
realDonaldTrump_20161221,50808,229158,realDonaldTrump,2016-12-21,,,
realDonaldTrump_20161222,79208,308440,realDonaldTrump,2016-12-22,,,
realDonaldTrump_20161223,107066,373825,realDonaldTrump,2016-12-23,,,
realDonaldTrump_20161224,47575,195479,realDonaldTrump,2016-12-24,,,
realDonaldTrump_20161225,75201,312364,realDonaldTrump,2016-12-25,,,
realDonaldTrump_20161226,88236,371499,realDonaldTrump,2016-12-26,,,
realDonaldTrump_20161227,34513,151668,realDonaldTrump,2016-12-27,,,
realDonaldTrump_20161228,90796,336684,realDonaldTrump,2016-12-28,,,
realDonaldTrump_20161229,9284,38554,realDonaldTrump,2016-12-29,,,
realDonaldTrump_2016123,77207,284976,realDonaldTrump,2016-12-03,,,
realDonaldTrump_20161230,53518,173333,realDonaldTrump,2016-12-30,,,
realDonaldTrump_20161231,153638,467017,realDonaldTrump,2016-12-31,,,
realDonaldTrump_2016124,135201,517156,realDonaldTrump,2016-12-04,,,
realDonaldTrump_2016125,87809,314542,realDonaldTrump,2016-12-05,,,
realDonaldTrump_2016126,136379,466494,realDonaldTrump,2016-12-06,,,
realDonaldTrump_2016127,86044,323229,realDonaldTrump,2016-12-07,,,
realDonaldTrump_2016128,96797,327545,realDonaldTrump,2016-12-08,,,
realDonaldTrump_2016129,77280,248006,realDonaldTrump,2016-12-09,,,
realDonaldTrump_201613,37207,83366,realDonaldTrump,2016-01-03,,,
realDonaldTrump_2016130,10935,30223,realDonaldTrump,2016-01-30,,,
realDonaldTrump_2016131,31664,94110,realDonaldTrump,2016-01-31,,,
realDonaldTrump_201614,18027,52809,realDonaldTrump,2016-01-04,,,
realDonaldTrump_201615,19295,53953,realDonaldTrump,2016-01-05,,,
realDonaldTrump_201616,14923,34777,realDonaldTrump,2016-01-06,,,
realDonaldTrump_201617,35324,87872,realDonaldTrump,2016-01-07,,,
realDonaldTrump_201618,14845,42321,realDonaldTrump,2016-01-08,,,
realDonaldTrump_201619,13259,42382,realDonaldTrump,2016-01-09,,,
realDonaldTrump_201621,7361,18055,realDonaldTrump,2016-02-01,,,
realDonaldTrump_2016210,22482,73207,realDonaldTrump,2016-02-10,,,
realDonaldTrump_2016211,36006,98284,realDonaldTrump,2016-02-11,,,
realDonaldTrump_2016212,44409,115297,realDonaldTrump,2016-02-12,,,
realDonaldTrump_2016213,54357,141740,realDonaldTrump,2016-02-13,,,
realDonaldTrump_2016214,40816,118719,realDonaldTrump,2016-02-14,,,
realDonaldTrump_2016215,32212,86729,realDonaldTrump,2016-02-15,,,
realDonaldTrump_2016216,32981,90748,realDonaldTrump,2016-02-16,,,
realDonaldTrump_2016217,63127,95513,realDonaldTrump,2016-02-17,,,
realDonaldTrump_2016218,42767,94329,realDonaldTrump,2016-02-18,,,
realDonaldTrump_2016219,39279,102839,realDonaldTrump,2016-02-19,,,
realDonaldTrump_201622,33808,122060,realDonaldTrump,2016-02-02,,,
realDonaldTrump_2016220,65741,176991,realDonaldTrump,2016-02-20,,,
realDonaldTrump_2016221,13683,44505,realDonaldTrump,2016-02-21,,,
realDonaldTrump_2016222,68683,191586,realDonaldTrump,2016-02-22,,,
realDonaldTrump_2016223,47081,130659,realDonaldTrump,2016-02-23,,,
realDonaldTrump_2016224,67549,193847,realDonaldTrump,2016-02-24,,,
realDonaldTrump_2016225,47076,129631,realDonaldTrump,2016-02-25,,,
realDonaldTrump_2016226,82368,249566,realDonaldTrump,2016-02-26,,,
realDonaldTrump_2016227,43107,136574,realDonaldTrump,2016-02-27,,,
realDonaldTrump_2016228,115036,251441,realDonaldTrump,2016-02-28,,,
realDonaldTrump_2016229,48090,127260,realDonaldTrump,2016-02-29,,,
realDonaldTrump_201623,48761,117990,realDonaldTrump,2016-02-03,,,
realDonaldTrump_201624,21550,56985,realDonaldTrump,2016-02-04,,,
realDonaldTrump_201625,32677,92228,realDonaldTrump,2016-02-05,,,
realDonaldTrump_201626,18982,56654,realDonaldTrump,2016-02-06,,,
realDonaldTrump_201627,44974,128905,realDonaldTrump,2016-02-07,,,
realDonaldTrump_201628,22058,66837,realDonaldTrump,2016-02-08,,,
realDonaldTrump_201629,56965,146983,realDonaldTrump,2016-02-09,,,
realDonaldTrump_201631,70757,189945,realDonaldTrump,2016-03-01,,,
realDonaldTrump_2016310,20473,47257,realDonaldTrump,2016-03-10,,,
realDonaldTrump_2016311,37722,105609,realDonaldTrump,2016-03-11,,,
realDonaldTrump_2016312,115807,275764,realDonaldTrump,2016-03-12,,,
realDonaldTrump_2016313,57459,143449,realDonaldTrump,2016-03-13,,,
realDonaldTrump_2016314,53520,135676,realDonaldTrump,2016-03-14,,,
realDonaldTrump_2016315,124351,360022,realDonaldTrump,2016-03-15,,,
realDonaldTrump_2016316,55298,193625,realDonaldTrump,2016-03-16,,,
realDonaldTrump_2016317,70085,205844,realDonaldTrump,2016-03-17,,,
realDonaldTrump_2016318,94892,291111,realDonaldTrump,2016-03-18,,,
realDonaldTrump_2016319,72496,231657,realDonaldTrump,2016-03-19,,,
realDonaldTrump_201632,79602,238150,realDonaldTrump,2016-03-02,,,
realDonaldTrump_2016320,55447,177592,realDonaldTrump,2016-03-20,,,
realDonaldTrump_2016322,130714,364827,realDonaldTrump,2016-03-22,,,
realDonaldTrump_2016323,76038,226215,realDonaldTrump,2016-03-23,,,
realDonaldTrump_2016324,103303,304119,realDonaldTrump,2016-03-24,,,
realDonaldTrump_2016325,17397,48809,realDonaldTrump,2016-03-25,,,
realDonaldTrump_2016326,65234,191030,realDonaldTrump,2016-03-26,,,
realDonaldTrump_2016327,55869,162426,realDonaldTrump,2016-03-27,,,
realDonaldTrump_2016328,51952,150598,realDonaldTrump,2016-03-28,,,
realDonaldTrump_2016329,79698,214684,realDonaldTrump,2016-03-29,,,
realDonaldTrump_201633,72965,210761,realDonaldTrump,2016-03-03,,,
realDonaldTrump_2016330,30539,82018,realDonaldTrump,2016-03-30,,,
realDonaldTrump_2016331,41287,110309,realDonaldTrump,2016-03-31,,,
realDonaldTrump_201634,26960,77279,realDonaldTrump,2016-03-04,,,
realDonaldTrump_201635,56391,192253,realDonaldTrump,2016-03-05,,,
realDonaldTrump_201636,46828,142275,realDonaldTrump,2016-03-06,,,
realDonaldTrump_201637,62608,179067,realDonaldTrump,2016-03-07,,,
realDonaldTrump_201638,73779,216802,realDonaldTrump,2016-03-08,,,
realDonaldTrump_201639,17259,49743,realDonaldTrump,2016-03-09,,,
realDonaldTrump_201641,53056,149167,realDonaldTrump,2016-04-01,,,
realDonaldTrump_2016410,38056,99524,realDonaldTrump,2016-04-10,,,
realDonaldTrump_2016411,38270,108118,realDonaldTrump,2016-04-11,,,
realDonaldTrump_2016412,21602,64733,realDonaldTrump,2016-04-12,,,
realDonaldTrump_2016413,32538,92463,realDonaldTrump,2016-04-13,,,
realDonaldTrump_2016414,7356,17576,realDonaldTrump,2016-04-14,,,
realDonaldTrump_2016415,17048,52126,realDonaldTrump,2016-04-15,,,
realDonaldTrump_2016416,37990,111907,realDonaldTrump,2016-04-16,,,
realDonaldTrump_201642,31956,93677,realDonaldTrump,2016-04-02,,,
realDonaldTrump_201643,46954,137209,realDonaldTrump,2016-04-03,,,
realDonaldTrump_201644,42245,109691,realDonaldTrump,2016-04-04,,,
realDonaldTrump_201645,20581,54256,realDonaldTrump,2016-04-05,,,
realDonaldTrump_201646,20457,68358,realDonaldTrump,2016-04-06,,,
realDonaldTrump_201647,26814,70943,realDonaldTrump,2016-04-07,,,
realDonaldTrump_201648,52508,158170,realDonaldTrump,2016-04-08,,,
realDonaldTrump_201649,51760,150991,realDonaldTrump,2016-04-09,,,
realDonaldTrump_2016929,46452,116165,realDonaldTrump,2016-09-29,,,
realDonaldTrump_2016930,172577,409918,realDonaldTrump,2016-09-30,,,
