unique_id,adjpoll_clinton,adjpoll_trump,handle,fecha,index_weighted
20151113_Clinton vs. Trump,49.39018333333333,36.71456,Clinton vs. Trump,2015-11-13,7.108428651729937e-09
20151115_Clinton vs. Trump,41.70733166666667,41.84916333333333,Clinton vs. Trump,2015-11-15,0.0
20151116_Clinton vs. Trump,42.94991388888889,43.854084444444446,Clinton vs. Trump,2015-11-16,1.1965085976112345e-06
20151117_Clinton vs. Trump,45.14144166666667,40.746181666666665,Clinton vs. Trump,2015-11-17,8.987424291207963e-07
20151119_Clinton vs. Trump,41.58990666666667,45.99780333333334,Clinton vs. Trump,2015-11-19,3.079167635970848e-08
20151123_Clinton vs. Trump,28.92898333333333,49.27119666666667,Clinton vs. Trump,2015-11-23,1.4866739636166245e-07
20151130_Clinton vs. Trump,46.98506666666666,40.28533,Clinton vs. Trump,2015-11-30,7.418011143028051e-08
2015118_Clinton vs. Trump,40.608183333333336,45.19225,Clinton vs. Trump,2015-11-08,5.432905117262294e-07
20151213_Clinton vs. Trump,45.40981166666666,42.634728333333335,Clinton vs. Trump,2015-12-13,2.2164046926502213e-07
20151214_Clinton vs. Trump,26.044346666666666,32.87573,Clinton vs. Trump,2015-12-14,0.0
20151215_Clinton vs. Trump,46.832953333333336,43.18882,Clinton vs. Trump,2015-12-15,3.069371802531419e-09
20151217_Clinton vs. Trump,43.88612666666667,36.81850777777778,Clinton vs. Trump,2015-12-17,2.293190808253756e-07
20151218_Clinton vs. Trump,41.48158333333333,29.224453333333333,Clinton vs. Trump,2015-12-18,2.0932562417615354e-10
20151219_Clinton vs. Trump,40.57606333333333,30.749686666666666,Clinton vs. Trump,2015-12-19,4.364100479388123e-10
2015121_Clinton vs. Trump,47.669086666666665,43.957363333333326,Clinton vs. Trump,2015-12-01,4.715233146395899e-08
20151220_Clinton vs. Trump,45.18243777777778,38.05966222222222,Clinton vs. Trump,2015-12-20,6.013945936957971e-07
20151221_Clinton vs. Trump,44.618226666666665,37.783899999999996,Clinton vs. Trump,2015-12-21,1.1305012203997719e-07
20151222_Clinton vs. Trump,41.158363333333334,30.726703333333333,Clinton vs. Trump,2015-12-22,1.3019134992020786e-09
20151223_Clinton vs. Trump,37.69629333333333,33.806826666666666,Clinton vs. Trump,2015-12-23,3.53589037645162e-09
20151224_Clinton vs. Trump,40.44739666666666,32.97691666666666,Clinton vs. Trump,2015-12-24,1.247755184755464e-09
20151225_Clinton vs. Trump,40.041673333333335,34.703223333333334,Clinton vs. Trump,2015-12-25,1.3038559519308317e-09
20151226_Clinton vs. Trump,40.035920000000004,35.02928333333333,Clinton vs. Trump,2015-12-26,1.4314757502344143e-09
20151227_Clinton vs. Trump,40.32938,34.45666,Clinton vs. Trump,2015-12-27,1.5997831386176453e-09
20151228_Clinton vs. Trump,41.124343333333336,32.88200333333333,Clinton vs. Trump,2015-12-28,2.1492225705699674e-09
20151229_Clinton vs. Trump,40.71932,33.70747333333333,Clinton vs. Trump,2015-12-29,2.504011234464522e-09
2015122_Clinton vs. Trump,47.29393166666667,40.28409,Clinton vs. Trump,2015-12-02,1.7691057183447106e-06
20151230_Clinton vs. Trump,40.51376,33.834763333333335,Clinton vs. Trump,2015-12-30,2.6735300215379257e-09
20151231_Clinton vs. Trump,41.10875333333333,33.86156666666667,Clinton vs. Trump,2015-12-31,2.4105300610361262e-09
2015123_Clinton vs. Trump,47.163019999999996,40.30889,Clinton vs. Trump,2015-12-03,3.8347468661498833e-08
2015126_Clinton vs. Trump,45.690866666666665,42.629176666666666,Clinton vs. Trump,2015-12-06,1.061699751855083e-07
2015127_Clinton vs. Trump,41.06328333333334,46.38348333333334,Clinton vs. Trump,2015-12-07,5.567871063951573e-10
2015128_Clinton vs. Trump,49.26058333333333,46.796776666666666,Clinton vs. Trump,2015-12-08,9.888049075474022e-09
2015129_Clinton vs. Trump,44.511536666666665,42.16751,Clinton vs. Trump,2015-12-09,5.079789666015683e-07
20161010_Clinton vs. Trump,43.18304153846154,42.56979307692308,Clinton vs. Trump,2016-10-10,1.0602640537554564
20161011_Clinton vs. Trump,42.00133066666667,41.981718,Clinton vs. Trump,2016-10-11,1.2729870577048876
20161012_Clinton vs. Trump,42.660592666666666,43.38562566666667,Clinton vs. Trump,2016-10-12,1.1706985162877335
20161013_Clinton vs. Trump,42.480639601990056,42.53530333333333,Clinton vs. Trump,2016-10-13,1.6938886245283682
20161014_Clinton vs. Trump,41.94061323076923,40.65890830769231,Clinton vs. Trump,2016-10-14,0.9043647524105324
20161015_Clinton vs. Trump,43.610562549019605,42.38706647058823,Clinton vs. Trump,2016-10-15,1.0878631200932505
20161016_Clinton vs. Trump,43.63706070707071,41.5621705050505,Clinton vs. Trump,2016-10-16,1.2284416132818392
20161017_Clinton vs. Trump,44.21216428571429,42.62833166666667,Clinton vs. Trump,2016-10-17,0.9870458439317844
20161018_Clinton vs. Trump,43.55721122807017,41.80948736842105,Clinton vs. Trump,2016-10-18,1.478534700863202
20161019_Clinton vs. Trump,41.957273478260866,42.064727777777776,Clinton vs. Trump,2016-10-19,1.3367778007664755
2016101_Clinton vs. Trump,43.86522388888889,42.42498388888889,Clinton vs. Trump,2016-10-01,0.07335066337525963
20161020_Clinton vs. Trump,42.14965989417989,43.69179634920635,Clinton vs. Trump,2016-10-20,1.0623411096471491
20161021_Clinton vs. Trump,40.34279303030303,45.33018575757576,Clinton vs. Trump,2016-10-21,0.8475412948980685
20161022_Clinton vs. Trump,44.847711333333336,42.21428783333333,Clinton vs. Trump,2016-10-22,2.0916704224345133
20161023_Clinton vs. Trump,44.51110579710144,42.87103826086956,Clinton vs. Trump,2016-10-23,1.7608204598377235
20161024_Clinton vs. Trump,42.276658833333336,42.08151408333333,Clinton vs. Trump,2016-10-24,4.7354911860864295
20161025_Clinton vs. Trump,42.817695394736845,42.8477383245614,Clinton vs. Trump,2016-10-25,3.4499601955955383
20161026_Clinton vs. Trump,43.41401948717949,42.50522042490843,Clinton vs. Trump,2016-10-26,5.722921873694354
20161027_Clinton vs. Trump,41.830991862745094,43.49215362745098,Clinton vs. Trump,2016-10-27,3.4160925216274833
20161028_Clinton vs. Trump,42.184512676767675,42.8507969949495,Clinton vs. Trump,2016-10-28,3.367716153242222
20161029_Clinton vs. Trump,43.752296666666666,44.63506944444444,Clinton vs. Trump,2016-10-29,0.478208773181362
2016102_Clinton vs. Trump,44.76201487179487,42.17916230769231,Clinton vs. Trump,2016-10-02,0.9852915224914882
20161030_Clinton vs. Trump,43.41454205426356,42.30500258527132,Clinton vs. Trump,2016-10-30,19.60358725920456
20161031_Clinton vs. Trump,41.573254691358024,41.696260070987655,Clinton vs. Trump,2016-10-31,30.385592750189904
2016103_Clinton vs. Trump,44.49629230769231,41.00572235897436,Clinton vs. Trump,2016-10-03,0.25862769045356176
2016104_Clinton vs. Trump,45.16873844444444,42.49260155555555,Clinton vs. Trump,2016-10-04,0.530644701480359
2016105_Clinton vs. Trump,44.57136696969697,42.63155727272727,Clinton vs. Trump,2016-10-05,0.32190854033514327
2016106_Clinton vs. Trump,42.345119726775955,43.20478191256831,Clinton vs. Trump,2016-10-06,0.6729384458127187
2016107_Clinton vs. Trump,45.129355238095236,41.89201571428572,Clinton vs. Trump,2016-10-07,0.3102252790820207
2016108_Clinton vs. Trump,44.54029722222222,41.98508,Clinton vs. Trump,2016-10-08,0.03660343261377215
2016109_Clinton vs. Trump,42.91898068627451,41.85680352941177,Clinton vs. Trump,2016-10-09,0.5215502916635967
2016110_Clinton vs. Trump,42.54113,43.22254833333333,Clinton vs. Trump,2016-01-10,3.243880400761889e-06
2016111_Clinton vs. Trump,40.9615,34.134980000000006,Clinton vs. Trump,2016-11-01,2.479776720416188e-09
2016112_Clinton vs. Trump,38.28806,49.79203666666667,Clinton vs. Trump,2016-11-02,2.8663011232177687e-06
2016113_Clinton vs. Trump,45.71399666666667,39.103946666666666,Clinton vs. Trump,2016-11-03,2.2706011875930453e-07
2016114_Clinton vs. Trump,41.34534,35.704683333333335,Clinton vs. Trump,2016-11-04,3.11957617560237e-09
2016115_Clinton vs. Trump,41.539323333333336,36.42837,Clinton vs. Trump,2016-11-05,3.424280370915402e-09
2016116_Clinton vs. Trump,42.53500666666667,35.051186666666666,Clinton vs. Trump,2016-11-06,3.5017248639030467e-09
2016117_Clinton vs. Trump,43.44609,39.605873333333335,Clinton vs. Trump,2016-11-07,1.5525726716436598e-08
2016118_Clinton vs. Trump,43.78279333333333,40.879312222222225,Clinton vs. Trump,2016-11-08,6.572751457392669e-07
2016119_Clinton vs. Trump,40.43690333333333,40.90974833333333,Clinton vs. Trump,2016-11-09,3.632033429545345e-09
201611_Clinton vs. Trump,35.90445333333333,39.98701333333333,Clinton vs. Trump,2016-01-01,6.213232634059519e-11
2016120_Clinton vs. Trump,41.23672333333334,41.56694666666667,Clinton vs. Trump,2016-01-20,2.2767599036525773e-06
2016121_Clinton vs. Trump,39.51153,39.47201333333334,Clinton vs. Trump,2016-12-01,3.914743508027681e-09
2016122_Clinton vs. Trump,39.103586666666665,40.497456666666665,Clinton vs. Trump,2016-12-02,4.1392900987695305e-09
2016123_Clinton vs. Trump,40.39622666666667,39.32158333333333,Clinton vs. Trump,2016-12-03,4.187010268827672e-09
2016124_Clinton vs. Trump,45.28850083333333,41.1487975,Clinton vs. Trump,2016-12-04,4.6723518237458167e-07
2016125_Clinton vs. Trump,44.27950666666666,34.27171,Clinton vs. Trump,2016-12-05,4.8315960932237035e-09
2016126_Clinton vs. Trump,44.73853,37.52022777777778,Clinton vs. Trump,2016-12-06,1.3974673125669925e-07
2016127_Clinton vs. Trump,43.966853333333326,34.922356666666666,Clinton vs. Trump,2016-12-07,5.7660706415495075e-09
2016128_Clinton vs. Trump,42.85993,35.847096666666665,Clinton vs. Trump,2016-12-08,6.172025094512075e-09
2016129_Clinton vs. Trump,43.55186666666666,36.07129333333333,Clinton vs. Trump,2016-12-09,7.764317109315894e-09
201612_Clinton vs. Trump,41.40015,34.71246,Clinton vs. Trump,2016-01-02,2.742575386714522e-10
2016130_Clinton vs. Trump,44.244476666666664,35.394693333333336,Clinton vs. Trump,2016-01-30,8.732295152069848e-09
2016131_Clinton vs. Trump,44.435366666666674,35.31899333333333,Clinton vs. Trump,2016-01-31,9.208664788164006e-09
201613_Clinton vs. Trump,40.49585,34.23791,Clinton vs. Trump,2016-01-03,7.445872586208148e-10
201614_Clinton vs. Trump,40.69155,34.66335333333333,Clinton vs. Trump,2016-01-04,1.6273470006557967e-09
201615_Clinton vs. Trump,39.68725333333333,35.48881,Clinton vs. Trump,2016-01-05,2.525778986153053e-09
201616_Clinton vs. Trump,43.59626333333333,35.41275666666667,Clinton vs. Trump,2016-01-06,2.684927124931642e-09
201617_Clinton vs. Trump,42.49967083333333,43.0379025,Clinton vs. Trump,2016-01-07,2.273699817544385e-07
201618_Clinton vs. Trump,39.074243333333335,37.26427666666667,Clinton vs. Trump,2016-01-08,2.6767154841404285e-09
201619_Clinton vs. Trump,38.981405,32.510905,Clinton vs. Trump,2016-01-09,1.6136269374464908e-06
2016210_Clinton vs. Trump,42.86702666666667,36.13791666666666,Clinton vs. Trump,2016-02-10,9.741418602044907e-09
2016211_Clinton vs. Trump,41.35895,36.76307333333333,Clinton vs. Trump,2016-02-11,9.876598196733532e-09
2016212_Clinton vs. Trump,40.85236,37.583843333333334,Clinton vs. Trump,2016-02-12,1.0365997454012332e-08
2016213_Clinton vs. Trump,40.24586,38.50662333333333,Clinton vs. Trump,2016-02-13,1.0517400489467669e-08
2016214_Clinton vs. Trump,41.13602,37.831543333333336,Clinton vs. Trump,2016-02-14,1.1050659355591922e-08
2016215_Clinton vs. Trump,42.24645777777778,42.50544444444444,Clinton vs. Trump,2016-02-15,3.7020051840742103e-06
2016216_Clinton vs. Trump,43.495267142857145,43.16623476190476,Clinton vs. Trump,2016-02-16,1.3886546189476663e-05
2016217_Clinton vs. Trump,45.29197833333333,40.66735,Clinton vs. Trump,2016-02-17,1.2124288441435012e-06
2016218_Clinton vs. Trump,42.19336666666667,37.61804333333333,Clinton vs. Trump,2016-02-18,1.9134794439439938e-08
2016219_Clinton vs. Trump,42.426395,40.11371833333333,Clinton vs. Trump,2016-02-19,4.685687938972787e-06
201621_Clinton vs. Trump,43.92683666666667,35.24251,Clinton vs. Trump,2016-02-01,9.311935254786951e-09
2016220_Clinton vs. Trump,38.97882111111111,41.23314,Clinton vs. Trump,2016-02-20,2.8085204941454973e-06
2016221_Clinton vs. Trump,43.049778333333336,38.52193833333333,Clinton vs. Trump,2016-02-21,2.407666160473456e-08
2016222_Clinton vs. Trump,37.643481666666666,46.027955,Clinton vs. Trump,2016-02-22,4.853773431381186e-05
2016223_Clinton vs. Trump,39.23186833333333,42.18434666666666,Clinton vs. Trump,2016-02-23,1.2947059120810191e-05
2016224_Clinton vs. Trump,41.8392,37.65226666666667,Clinton vs. Trump,2016-02-24,1.997735965318968e-08
2016225_Clinton vs. Trump,42.12119166666667,42.737815000000005,Clinton vs. Trump,2016-02-25,2.2514487780940672e-08
2016226_Clinton vs. Trump,38.431605,42.77850333333333,Clinton vs. Trump,2016-02-26,5.456909087678678e-07
2016227_Clinton vs. Trump,44.73489833333333,42.475273333333334,Clinton vs. Trump,2016-02-27,4.069798260142871e-06
2016228_Clinton vs. Trump,45.41140222222222,39.65714777777778,Clinton vs. Trump,2016-02-28,1.3365309535721277e-06
2016229_Clinton vs. Trump,43.66723166666666,38.964025,Clinton vs. Trump,2016-02-29,4.1793779265930534e-06
201622_Clinton vs. Trump,44.61781,35.06664333333333,Clinton vs. Trump,2016-02-02,9.944878353259408e-09
201623_Clinton vs. Trump,48.05676444444444,37.59436,Clinton vs. Trump,2016-02-03,9.395268874940258e-07
201624_Clinton vs. Trump,42.93602222222222,40.77421777777778,Clinton vs. Trump,2016-02-04,2.8343052824054162e-06
201625_Clinton vs. Trump,43.439915000000006,38.54165166666667,Clinton vs. Trump,2016-02-05,2.7017347185700357e-06
201626_Clinton vs. Trump,43.712894444444444,39.76605333333333,Clinton vs. Trump,2016-02-06,7.766303715964513e-06
201627_Clinton vs. Trump,44.190575555555554,40.32687222222222,Clinton vs. Trump,2016-02-07,1.9601640628033255e-05
201628_Clinton vs. Trump,43.379889999999996,35.58992,Clinton vs. Trump,2016-02-08,9.007737565105023e-09
201629_Clinton vs. Trump,45.47421666666667,33.61337,Clinton vs. Trump,2016-02-09,9.578072352748545e-09
2016310_Clinton vs. Trump,43.83734904761905,41.21613,Clinton vs. Trump,2016-03-10,0.0002009760759776511
2016311_Clinton vs. Trump,40.49714111111111,38.57530666666666,Clinton vs. Trump,2016-03-11,2.7256704887662214e-05
2016312_Clinton vs. Trump,41.188161666666666,41.322,Clinton vs. Trump,2016-03-12,5.91533865039913e-07
2016313_Clinton vs. Trump,43.305883333333334,39.89910666666666,Clinton vs. Trump,2016-03-13,1.1849903077310891e-07
2016314_Clinton vs. Trump,39.23822,39.93445666666667,Clinton vs. Trump,2016-03-14,5.2921016386724995e-08
2016315_Clinton vs. Trump,38.00068,37.581160000000004,Clinton vs. Trump,2016-03-15,5.563368468700038e-08
2016316_Clinton vs. Trump,46.73784333333333,36.8521,Clinton vs. Trump,2016-03-16,6.747877668750964e-06
2016317_Clinton vs. Trump,44.14848222222222,39.999274444444445,Clinton vs. Trump,2016-03-17,3.86354974124547e-06
2016318_Clinton vs. Trump,42.75765166666667,40.99510333333333,Clinton vs. Trump,2016-03-18,9.842549318551947e-08
2016319_Clinton vs. Trump,38.14059,40.97935666666667,Clinton vs. Trump,2016-03-19,6.088444761788093e-08
201631_Clinton vs. Trump,40.770285,37.22016166666666,Clinton vs. Trump,2016-03-01,6.547620820791975e-08
2016320_Clinton vs. Trump,44.31016888888889,40.723283888888886,Clinton vs. Trump,2016-03-20,4.7001891152549695e-05
2016321_Clinton vs. Trump,43.606165,41.97098583333334,Clinton vs. Trump,2016-03-21,1.1277670426874805e-05
2016322_Clinton vs. Trump,45.879278666666664,38.20986066666667,Clinton vs. Trump,2016-03-22,4.879157560606412e-05
2016323_Clinton vs. Trump,47.24163888888889,36.52870111111111,Clinton vs. Trump,2016-03-23,6.728139914602348e-05
2016324_Clinton vs. Trump,45.280716,39.426078,Clinton vs. Trump,2016-03-24,0.0001268353610422428
2016325_Clinton vs. Trump,41.903729999999996,37.42008,Clinton vs. Trump,2016-03-25,7.371640806843333e-08
2016326_Clinton vs. Trump,43.99796555555556,40.70288222222222,Clinton vs. Trump,2016-03-26,6.205832881100109e-06
2016327_Clinton vs. Trump,43.65033333333333,36.347636666666666,Clinton vs. Trump,2016-03-27,8.435680512976974e-08
2016328_Clinton vs. Trump,44.655335,38.149645,Clinton vs. Trump,2016-03-28,1.1155797425474465e-07
2016329_Clinton vs. Trump,47.519622222222225,37.53135333333333,Clinton vs. Trump,2016-03-29,0.00014043637021196159
201632_Clinton vs. Trump,42.84811833333333,38.37903666666667,Clinton vs. Trump,2016-03-02,8.303594134370317e-06
2016330_Clinton vs. Trump,46.070771666666666,40.72915,Clinton vs. Trump,2016-03-30,0.0003623790143052595
2016331_Clinton vs. Trump,46.19312166666666,38.742595,Clinton vs. Trump,2016-03-31,5.624279469712123e-05
201633_Clinton vs. Trump,49.63909,37.782598888888884,Clinton vs. Trump,2016-03-03,0.00013557470106995148
201634_Clinton vs. Trump,39.111783333333335,38.28554833333333,Clinton vs. Trump,2016-03-04,3.994975962068024e-07
201635_Clinton vs. Trump,42.656216666666666,34.22924666666666,Clinton vs. Trump,2016-03-05,3.461311237414397e-08
201636_Clinton vs. Trump,45.844654999999996,41.411824583333335,Clinton vs. Trump,2016-03-06,3.5593190353173575e-05
201637_Clinton vs. Trump,42.346243333333334,32.44883,Clinton vs. Trump,2016-03-07,4.2522056098527766e-08
201638_Clinton vs. Trump,43.351773333333334,32.56041666666667,Clinton vs. Trump,2016-03-08,4.858091715265123e-08
201639_Clinton vs. Trump,44.451429999999995,32.573613333333334,Clinton vs. Trump,2016-03-09,4.972507122507047e-08
2016410_Clinton vs. Trump,53.791914,34.630198666666665,Clinton vs. Trump,2016-04-10,0.0009420060231251052
2016411_Clinton vs. Trump,45.13381916666666,38.44657083333333,Clinton vs. Trump,2016-04-11,0.0001339467205957107
2016412_Clinton vs. Trump,47.286228333333334,38.960793333333335,Clinton vs. Trump,2016-04-12,1.3643023412137258e-05
2016413_Clinton vs. Trump,46.263355,39.612183333333334,Clinton vs. Trump,2016-04-13,1.2210602741856754e-05
2016414_Clinton vs. Trump,46.54372166666667,39.58074833333333,Clinton vs. Trump,2016-04-14,1.6388860128294872e-05
2016415_Clinton vs. Trump,44.46689222222222,39.19845222222222,Clinton vs. Trump,2016-04-15,6.268386246605132e-05
2016416_Clinton vs. Trump,39.458995,35.281565,Clinton vs. Trump,2016-04-16,3.536001902160667e-05
2016417_Clinton vs. Trump,49.73843,35.97035277777778,Clinton vs. Trump,2016-04-17,0.00032105608106800985
2016418_Clinton vs. Trump,43.82154,34.97533333333333,Clinton vs. Trump,2016-04-18,2.6796458771926913e-07
2016419_Clinton vs. Trump,36.358756666666665,43.05139499999999,Clinton vs. Trump,2016-04-19,5.828277090665387e-06
201641_Clinton vs. Trump,43.45751333333333,34.41848666666667,Clinton vs. Trump,2016-04-01,1.6409688773488312e-07
2016420_Clinton vs. Trump,46.88896583333334,40.978896666666664,Clinton vs. Trump,2016-04-20,4.164287187203287e-05
2016421_Clinton vs. Trump,40.38883333333333,41.97300333333333,Clinton vs. Trump,2016-04-21,2.5231537681937337e-05
2016422_Clinton vs. Trump,45.166290000000004,40.40329333333333,Clinton vs. Trump,2016-04-22,5.33916088065103e-07
2016423_Clinton vs. Trump,44.71987333333333,35.88315333333333,Clinton vs. Trump,2016-04-23,3.912528908442618e-07
2016424_Clinton vs. Trump,44.70601166666666,39.62391833333333,Clinton vs. Trump,2016-04-24,3.769349467892743e-05
2016425_Clinton vs. Trump,46.90206166666667,40.17379333333333,Clinton vs. Trump,2016-04-25,6.721116440098114e-06
2016426_Clinton vs. Trump,41.01627555555555,39.62590888888889,Clinton vs. Trump,2016-04-26,3.929896165369096e-06
2016427_Clinton vs. Trump,47.56965066666667,38.526123999999996,Clinton vs. Trump,2016-04-27,0.00012493312057310524
2016428_Clinton vs. Trump,42.072966666666666,43.4015975,Clinton vs. Trump,2016-04-28,0.0012775901468274863
2016429_Clinton vs. Trump,45.278211666666664,41.191965,Clinton vs. Trump,2016-04-29,8.770066519627801e-07
201642_Clinton vs. Trump,44.84455333333333,36.14365166666666,Clinton vs. Trump,2016-04-02,6.325096982452103e-06
2016430_Clinton vs. Trump,49.540995,37.56458833333333,Clinton vs. Trump,2016-04-30,5.751927362000926e-07
201643_Clinton vs. Trump,47.54681185185185,35.87386814814815,Clinton vs. Trump,2016-04-03,0.000578746409234944
201644_Clinton vs. Trump,47.73394,36.73071111111111,Clinton vs. Trump,2016-04-04,1.2553956441606688e-07
201645_Clinton vs. Trump,37.90454833333333,38.379835,Clinton vs. Trump,2016-04-05,1.1481857700395654e-07
201646_Clinton vs. Trump,40.46124666666667,35.09309,Clinton vs. Trump,2016-04-06,1.2496315083415624e-07
201647_Clinton vs. Trump,47.34266416666667,38.48706833333333,Clinton vs. Trump,2016-04-07,0.0007854480234844233
201648_Clinton vs. Trump,45.540234999999996,37.301248333333334,Clinton vs. Trump,2016-04-08,3.9904600392508147e-05
201649_Clinton vs. Trump,52.03577666666666,32.443315000000005,Clinton vs. Trump,2016-04-09,0.000865050181045387
2016510_Clinton vs. Trump,39.558147777777776,44.79023111111111,Clinton vs. Trump,2016-05-10,3.139398204439708e-06
2016511_Clinton vs. Trump,38.69068,43.374406666666665,Clinton vs. Trump,2016-05-11,0.00046907164425818987
2016512_Clinton vs. Trump,41.27435666666667,41.16437,Clinton vs. Trump,2016-05-12,0.00027361297973472955
2016513_Clinton vs. Trump,41.85368333333333,42.30535666666667,Clinton vs. Trump,2016-05-13,6.454580532537742e-05
2016514_Clinton vs. Trump,42.50094333333333,39.86929,Clinton vs. Trump,2016-05-14,7.213308745286737e-07
2016515_Clinton vs. Trump,40.8843437037037,42.24083703703704,Clinton vs. Trump,2016-05-15,0.001082780417394899
2016516_Clinton vs. Trump,45.29985833333333,39.7245675,Clinton vs. Trump,2016-05-16,0.002712628159885782
2016517_Clinton vs. Trump,42.80566083333333,42.72694416666667,Clinton vs. Trump,2016-05-17,0.0001274679995833121
2016518_Clinton vs. Trump,42.025261111111114,41.50062666666666,Clinton vs. Trump,2016-05-18,0.00012368869836980892
2016519_Clinton vs. Trump,43.73998944444444,43.17410722222222,Clinton vs. Trump,2016-05-19,0.0007566950617210105
201651_Clinton vs. Trump,42.046545,44.610058333333335,Clinton vs. Trump,2016-05-01,0.0005936295011314469
2016520_Clinton vs. Trump,43.43150833333333,43.08917333333333,Clinton vs. Trump,2016-05-20,2.0479743476632847e-05
2016521_Clinton vs. Trump,42.34551,37.86199666666667,Clinton vs. Trump,2016-05-21,1.0150064002427814e-06
2016522_Clinton vs. Trump,46.22414666666667,41.04468428571428,Clinton vs. Trump,2016-05-22,0.0005887965238111743
2016523_Clinton vs. Trump,41.33793083333333,41.76465833333334,Clinton vs. Trump,2016-05-23,0.00010930075734401515
2016524_Clinton vs. Trump,42.911903333333335,39.64185888888889,Clinton vs. Trump,2016-05-24,0.0012725102034657158
2016525_Clinton vs. Trump,43.285603333333334,42.561778333333336,Clinton vs. Trump,2016-05-25,0.0005390081297898566
2016526_Clinton vs. Trump,45.19136,37.73177111111111,Clinton vs. Trump,2016-05-26,7.142277035071319e-05
2016527_Clinton vs. Trump,41.091791666666666,37.20021166666667,Clinton vs. Trump,2016-05-27,0.0006817863742782643
2016528_Clinton vs. Trump,43.72379,40.39103333333333,Clinton vs. Trump,2016-05-28,0.00025482244888844083
2016529_Clinton vs. Trump,46.257085,41.949668333333335,Clinton vs. Trump,2016-05-29,1.9121145311726572e-06
201652_Clinton vs. Trump,46.1838,41.19592166666666,Clinton vs. Trump,2016-05-02,7.94873530091516e-07
2016530_Clinton vs. Trump,43.54987083333333,42.80921833333333,Clinton vs. Trump,2016-05-30,0.0008733133953009323
2016531_Clinton vs. Trump,52.00413583333333,35.210769166666665,Clinton vs. Trump,2016-05-31,0.006760759492028467
201653_Clinton vs. Trump,45.59196666666667,37.778423333333336,Clinton vs. Trump,2016-05-03,4.7539513960734076e-07
201654_Clinton vs. Trump,38.86714166666667,44.76670166666667,Clinton vs. Trump,2016-05-04,0.00012792118005449754
201655_Clinton vs. Trump,46.127759999999995,37.48444111111111,Clinton vs. Trump,2016-05-05,0.00011202817316979647
201656_Clinton vs. Trump,39.73511666666667,45.62750166666667,Clinton vs. Trump,2016-05-06,3.0827810485965317e-05
201657_Clinton vs. Trump,43.59370666666666,37.609453333333335,Clinton vs. Trump,2016-05-07,6.177293988455145e-07
201658_Clinton vs. Trump,43.521343333333334,43.74225466666667,Clinton vs. Trump,2016-05-08,7.558868905650331e-07
201659_Clinton vs. Trump,42.963101333333334,40.53325866666667,Clinton vs. Trump,2016-05-09,0.00026542350456010164
2016610_Clinton vs. Trump,48.422937777777776,35.617895555555556,Clinton vs. Trump,2016-06-10,0.00026085728689643367
2016611_Clinton vs. Trump,45.09970666666667,33.90665666666666,Clinton vs. Trump,2016-06-11,3.072541641215601e-06
2016612_Clinton vs. Trump,45.15754888888889,37.892950000000006,Clinton vs. Trump,2016-06-12,3.4910440989969347e-06
2016613_Clinton vs. Trump,44.8494325,37.394260833333334,Clinton vs. Trump,2016-06-13,0.0010872215423345815
2016614_Clinton vs. Trump,39.62865333333333,38.62037333333333,Clinton vs. Trump,2016-06-14,0.00151141301032219
2016615_Clinton vs. Trump,45.77514666666667,38.695680833333334,Clinton vs. Trump,2016-06-15,0.0017503859024427765
2016616_Clinton vs. Trump,46.418124166666665,39.886495833333335,Clinton vs. Trump,2016-06-16,0.00020078991425123756
2016617_Clinton vs. Trump,37.715376666666664,38.22173333333333,Clinton vs. Trump,2016-06-17,3.7524582317892986e-06
2016618_Clinton vs. Trump,44.841232857142856,42.608086666666665,Clinton vs. Trump,2016-06-18,0.0016892522860289228
2016619_Clinton vs. Trump,44.56760238095238,40.374050476190476,Clinton vs. Trump,2016-06-19,0.0010403399354053456
201661_Clinton vs. Trump,38.275729999999996,36.51813555555556,Clinton vs. Trump,2016-06-01,3.5001940832546666e-06
2016620_Clinton vs. Trump,44.73294235294117,42.48807764705882,Clinton vs. Trump,2016-06-20,0.004258323383979373
2016621_Clinton vs. Trump,43.267581904761904,41.39328761904762,Clinton vs. Trump,2016-06-21,0.0008296760443238562
2016622_Clinton vs. Trump,45.63160791666667,39.70150541666667,Clinton vs. Trump,2016-06-22,0.005256569883502798
2016623_Clinton vs. Trump,44.471440666666666,42.05567766666666,Clinton vs. Trump,2016-06-23,0.0033898347178778895
2016624_Clinton vs. Trump,45.32340333333334,41.064973333333334,Clinton vs. Trump,2016-06-24,0.0040916981865469155
2016625_Clinton vs. Trump,46.45611,37.08667,Clinton vs. Trump,2016-06-25,5.253030215771582e-06
2016626_Clinton vs. Trump,47.90045133333333,38.23932933333333,Clinton vs. Trump,2016-06-26,0.0009234903310999189
2016627_Clinton vs. Trump,45.45353444444444,40.33730444444444,Clinton vs. Trump,2016-06-27,0.0021096127656111048
2016628_Clinton vs. Trump,48.246753846153844,43.448826153846156,Clinton vs. Trump,2016-06-28,0.006775757838832231
2016629_Clinton vs. Trump,44.390438095238096,38.57974857142857,Clinton vs. Trump,2016-06-29,0.003210621129614543
201662_Clinton vs. Trump,46.31574333333333,40.82161,Clinton vs. Trump,2016-06-02,0.0001833301404741036
2016630_Clinton vs. Trump,46.90495333333333,36.57855,Clinton vs. Trump,2016-06-30,6.503390598070101e-06
201663_Clinton vs. Trump,48.08893555555555,35.14010888888889,Clinton vs. Trump,2016-06-03,0.00236644056003978
201664_Clinton vs. Trump,38.810675,42.90551666666667,Clinton vs. Trump,2016-06-04,3.5492323306638783e-05
201665_Clinton vs. Trump,45.018923666666666,42.712048333333335,Clinton vs. Trump,2016-06-05,0.002623118498684165
201666_Clinton vs. Trump,46.419470000000004,38.310649999999995,Clinton vs. Trump,2016-06-06,0.0006222369029141783
201667_Clinton vs. Trump,45.09089888888889,36.91759,Clinton vs. Trump,2016-06-07,0.0007018320936609593
201668_Clinton vs. Trump,41.1970025,38.3900075,Clinton vs. Trump,2016-06-08,0.002155283483080901
201669_Clinton vs. Trump,44.956273333333336,36.31372666666667,Clinton vs. Trump,2016-06-09,2.370558264423677e-06
2016710_Clinton vs. Trump,43.7096625,42.640818055555556,Clinton vs. Trump,2016-07-10,0.009834528241130088
2016711_Clinton vs. Trump,42.11159142857143,42.04170928571428,Clinton vs. Trump,2016-07-11,0.007151016390054388
2016712_Clinton vs. Trump,44.24537083333333,39.61969583333333,Clinton vs. Trump,2016-07-12,0.007476379478505055
2016713_Clinton vs. Trump,43.95250933333333,41.206364666666666,Clinton vs. Trump,2016-07-13,0.0031443897095201983
2016714_Clinton vs. Trump,46.086830666666664,38.158168,Clinton vs. Trump,2016-07-14,0.0015124877789366989
2016715_Clinton vs. Trump,43.67715375,39.61947541666667,Clinton vs. Trump,2016-07-15,0.012735582526364697
2016716_Clinton vs. Trump,43.73071296296296,41.19099666666666,Clinton vs. Trump,2016-07-16,0.005795282261602539
2016717_Clinton vs. Trump,44.999856190476194,40.68176571428572,Clinton vs. Trump,2016-07-17,0.024593339223468548
2016718_Clinton vs. Trump,43.56048933333333,41.03705733333333,Clinton vs. Trump,2016-07-18,0.0023572430147579494
2016719_Clinton vs. Trump,43.61589111111111,42.87320166666667,Clinton vs. Trump,2016-07-19,0.034984444498073974
201671_Clinton vs. Trump,45.726643333333335,37.77498666666667,Clinton vs. Trump,2016-07-01,9.168042600533135e-06
2016720_Clinton vs. Trump,44.35940466666667,41.920767999999995,Clinton vs. Trump,2016-07-20,0.0011624167070368597
2016721_Clinton vs. Trump,40.19300777777778,45.473437777777775,Clinton vs. Trump,2016-07-21,0.0050613970941729945
2016722_Clinton vs. Trump,44.27301,44.11967722222222,Clinton vs. Trump,2016-07-22,0.0015843022045849897
2016723_Clinton vs. Trump,43.13908,38.662335,Clinton vs. Trump,2016-07-23,0.0021793235222210944
2016724_Clinton vs. Trump,43.07493145833333,44.511973958333336,Clinton vs. Trump,2016-07-24,0.029651740061779928
2016725_Clinton vs. Trump,39.88809583333333,46.66508416666667,Clinton vs. Trump,2016-07-25,0.0003248078078533459
2016726_Clinton vs. Trump,44.939346666666665,42.72397,Clinton vs. Trump,2016-07-26,0.0014301391480030733
2016727_Clinton vs. Trump,43.74320624999999,44.26207875,Clinton vs. Trump,2016-07-27,0.004795069283397454
2016728_Clinton vs. Trump,43.28055666666667,43.607282222222224,Clinton vs. Trump,2016-07-28,5.364244899839622e-05
2016729_Clinton vs. Trump,44.64630066666667,43.069336666666665,Clinton vs. Trump,2016-07-29,0.006792888854846779
201672_Clinton vs. Trump,49.23121166666667,33.639698333333335,Clinton vs. Trump,2016-07-02,0.0010398243768036163
2016730_Clinton vs. Trump,45.338565333333335,43.021392666666664,Clinton vs. Trump,2016-07-30,0.00185967913160159
2016731_Clinton vs. Trump,45.541256,43.814830666666666,Clinton vs. Trump,2016-07-31,0.00804667501741237
201673_Clinton vs. Trump,44.801476666666666,40.63019833333333,Clinton vs. Trump,2016-07-03,1.1810110992093809e-05
201674_Clinton vs. Trump,45.16649555555556,41.411055555555556,Clinton vs. Trump,2016-07-04,5.839676737487666e-05
201675_Clinton vs. Trump,45.52432833333334,41.77307583333333,Clinton vs. Trump,2016-07-05,0.0011074646721053259
201676_Clinton vs. Trump,43.69929333333333,41.734792222222225,Clinton vs. Trump,2016-07-06,0.0026611536763463876
201677_Clinton vs. Trump,41.167856666666665,40.361775,Clinton vs. Trump,2016-07-07,0.0007137355246457799
201678_Clinton vs. Trump,42.3456025,39.24473666666667,Clinton vs. Trump,2016-07-08,0.009947468079489855
201679_Clinton vs. Trump,44.30795166666667,37.83308,Clinton vs. Trump,2016-07-09,0.004451121842050152
2016810_Clinton vs. Trump,44.84263,40.64891642857143,Clinton vs. Trump,2016-08-10,0.04545565283524176
2016811_Clinton vs. Trump,44.332543888888885,45.05139388888889,Clinton vs. Trump,2016-08-11,0.01205676830133212
2016812_Clinton vs. Trump,45.58933857142857,42.54488952380952,Clinton vs. Trump,2016-08-12,0.023948817316159016
2016813_Clinton vs. Trump,44.871834444444445,39.099695555555556,Clinton vs. Trump,2016-08-13,0.014756550360757922
2016814_Clinton vs. Trump,43.59642888888889,41.811976296296294,Clinton vs. Trump,2016-08-14,0.022965043535585615
2016815_Clinton vs. Trump,46.97275904761905,42.007826190476194,Clinton vs. Trump,2016-08-15,0.012610796728804285
2016816_Clinton vs. Trump,42.81504005208333,41.2716071875,Clinton vs. Trump,2016-08-16,0.02258670573897124
2016817_Clinton vs. Trump,44.25685259259259,42.65053851851852,Clinton vs. Trump,2016-08-17,0.016743441172115774
2016818_Clinton vs. Trump,41.78638055555555,42.599411180555556,Clinton vs. Trump,2016-08-18,0.005606569293212816
2016819_Clinton vs. Trump,45.05264761904762,41.661857142857144,Clinton vs. Trump,2016-08-19,0.0248543958526687
201681_Clinton vs. Trump,45.7263896969697,42.499992121212124,Clinton vs. Trump,2016-08-01,0.01153185727659866
2016820_Clinton vs. Trump,44.956817407407414,40.55654333333333,Clinton vs. Trump,2016-08-20,0.003810092054164876
2016821_Clinton vs. Trump,41.95315962962963,41.04973222222222,Clinton vs. Trump,2016-08-21,0.0682281414424081
2016822_Clinton vs. Trump,44.49908047619048,43.75125476190476,Clinton vs. Trump,2016-08-22,0.014571893086873676
2016823_Clinton vs. Trump,42.02020247311828,42.48281155913978,Clinton vs. Trump,2016-08-23,0.3099840788586384
2016824_Clinton vs. Trump,44.96031925925926,42.42400037037037,Clinton vs. Trump,2016-08-24,0.030248203029970562
2016825_Clinton vs. Trump,42.549112,42.6939062962963,Clinton vs. Trump,2016-08-25,0.001569292019211303
2016826_Clinton vs. Trump,44.45216933333334,42.746178,Clinton vs. Trump,2016-08-26,0.0005350371042045318
2016827_Clinton vs. Trump,44.111199444444445,43.36284972222222,Clinton vs. Trump,2016-08-27,0.12412716088102883
2016828_Clinton vs. Trump,44.230930416666666,42.65122395833333,Clinton vs. Trump,2016-08-28,0.12161505437126338
2016829_Clinton vs. Trump,44.13584133333333,42.727744333333334,Clinton vs. Trump,2016-08-29,0.034686577622275214
201682_Clinton vs. Trump,46.01893285714286,42.95637238095238,Clinton vs. Trump,2016-08-02,0.0013720920344731681
2016830_Clinton vs. Trump,42.846432380952386,41.287175978835975,Clinton vs. Trump,2016-08-30,0.07153741928466541
2016831_Clinton vs. Trump,42.056244666666665,42.22328233333334,Clinton vs. Trump,2016-08-31,0.061434053597169073
201683_Clinton vs. Trump,45.20485111111111,41.91715851851853,Clinton vs. Trump,2016-08-03,0.011625542999819083
201684_Clinton vs. Trump,43.81494743589744,41.30117230769231,Clinton vs. Trump,2016-08-04,0.01574921342779475
201685_Clinton vs. Trump,46.00186708333334,42.195712916666665,Clinton vs. Trump,2016-08-05,0.010221490205680394
201686_Clinton vs. Trump,46.02600733333334,42.11627733333333,Clinton vs. Trump,2016-08-06,0.0002810855252562847
201687_Clinton vs. Trump,45.55722789473684,42.188063508771926,Clinton vs. Trump,2016-08-07,0.03305730797493223
201688_Clinton vs. Trump,46.12439233333334,41.385895,Clinton vs. Trump,2016-08-08,0.07029250768211187
201689_Clinton vs. Trump,44.178618666666665,41.46637633333333,Clinton vs. Trump,2016-08-09,0.008916818406162834
2016910_Clinton vs. Trump,44.24587666666667,42.31675454545454,Clinton vs. Trump,2016-09-10,0.1391908185919447
2016911_Clinton vs. Trump,42.26417424242425,43.97350242424242,Clinton vs. Trump,2016-09-11,0.092345562812458
2016912_Clinton vs. Trump,44.573357692307695,43.578722820512816,Clinton vs. Trump,2016-09-12,0.2781515223122282
2016913_Clinton vs. Trump,40.623811764705884,43.56715666666667,Clinton vs. Trump,2016-09-13,0.26559705389298555
2016914_Clinton vs. Trump,44.04302380952381,42.14008380952381,Clinton vs. Trump,2016-09-14,0.14480007792784397
2016915_Clinton vs. Trump,41.33578266666667,43.9761024,Clinton vs. Trump,2016-09-15,0.05236714779193725
2016916_Clinton vs. Trump,43.816495277777776,42.77099527777778,Clinton vs. Trump,2016-09-16,0.06694704729398479
2016917_Clinton vs. Trump,38.93101484848485,46.18997848484848,Clinton vs. Trump,2016-09-17,0.07296982901093617
2016918_Clinton vs. Trump,44.110062666666664,41.88317,Clinton vs. Trump,2016-09-18,0.08796221832744139
2016919_Clinton vs. Trump,42.879639999999995,42.28949355555555,Clinton vs. Trump,2016-09-19,0.22755152319752742
201691_Clinton vs. Trump,40.821583733333334,43.87821606666667,Clinton vs. Trump,2016-09-01,0.19229272140170015
2016920_Clinton vs. Trump,42.02417776255708,42.36609621004566,Clinton vs. Trump,2016-09-20,0.4254746023835889
2016921_Clinton vs. Trump,44.095822121212116,43.669881515151516,Clinton vs. Trump,2016-09-21,0.1352790784079666
2016922_Clinton vs. Trump,41.809606497175146,43.88200242937853,Clinton vs. Trump,2016-09-22,0.1951084308421788
2016923_Clinton vs. Trump,44.23204019607843,41.74342882352941,Clinton vs. Trump,2016-09-23,0.45954498351688
2016924_Clinton vs. Trump,44.15719851851851,42.64805370370371,Clinton vs. Trump,2016-09-24,0.17397514921762627
2016925_Clinton vs. Trump,44.73030205128205,42.357987179487175,Clinton vs. Trump,2016-09-25,0.4623252326289299
2016926_Clinton vs. Trump,41.16214262295082,43.16019950819672,Clinton vs. Trump,2016-09-26,0.35477918697072225
2016927_Clinton vs. Trump,45.11779694444445,42.886295555555556,Clinton vs. Trump,2016-09-27,0.28174360162198964
2016928_Clinton vs. Trump,46.34135785714285,41.02704404761904,Clinton vs. Trump,2016-09-28,0.4428781228096345
2016929_Clinton vs. Trump,42.24314587570622,43.271268305084746,Clinton vs. Trump,2016-09-29,0.338956008452948
201692_Clinton vs. Trump,44.12152833333334,42.74763458333334,Clinton vs. Trump,2016-09-02,0.026094758569570855
2016930_Clinton vs. Trump,44.96089033333333,41.70892066666667,Clinton vs. Trump,2016-09-30,0.22707453159867924
201693_Clinton vs. Trump,44.90232333333333,41.86296333333333,Clinton vs. Trump,2016-09-03,0.0003838649938954273
201694_Clinton vs. Trump,44.708128888888886,42.927079444444445,Clinton vs. Trump,2016-09-04,0.02117923040198669
201695_Clinton vs. Trump,47.22830694444444,38.49841055555556,Clinton vs. Trump,2016-09-05,0.13915335009949356
201696_Clinton vs. Trump,41.298731581920904,42.46407480225989,Clinton vs. Trump,2016-09-06,0.016333871053776507
201697_Clinton vs. Trump,44.603203846153846,41.36983897435898,Clinton vs. Trump,2016-09-07,0.09787929969526746
201698_Clinton vs. Trump,41.63269867816092,44.100323103448275,Clinton vs. Trump,2016-09-08,0.19337258239984337
201699_Clinton vs. Trump,41.475780416666666,43.583152500000004,Clinton vs. Trump,2016-09-09,0.06303140553055823
